 "taxonLabel" , "artenGruppeLabel" , "status" , "year" , "totalSpecies" ,
 "Mammalia" , "Säugetiere (ohne Fledermäuse)" , "https://environment.ld.admin.ch/foen/red-lists/status/RE" , "1994-01-01" , "2" ,
 "Mammalia" , "Säugetiere (ohne Fledermäuse)" , "https://environment.ld.admin.ch/foen/red-lists/status/CR" , "1994-01-01" , "3" ,
 "Mammalia" , "Säugetiere (ohne Fledermäuse)" , "https://environment.ld.admin.ch/foen/red-lists/status/EN" , "1994-01-01" , "2" ,
 "Mammalia" , "Säugetiere (ohne Fledermäuse)" , "https://environment.ld.admin.ch/foen/red-lists/status/VU" , "1994-01-01" , "10" ,
 "Mammalia" , "Säugetiere (ohne Fledermäuse)" , "https://environment.ld.admin.ch/foen/red-lists/status/NT" , "1994-01-01" , "4" ,
 "Mammalia" , "Säugetiere (ohne Fledermäuse)" , "https://environment.ld.admin.ch/foen/red-lists/status/LC" , "1994-01-01" , "35" ,
 "Mammalia" , "Säugetiere (ohne Fledermäuse)" , "https://environment.ld.admin.ch/foen/red-lists/status/RE" , "2020-01-01" , "1" ,
 "Mammalia" , "Säugetiere (ohne Fledermäuse)" , "https://environment.ld.admin.ch/foen/red-lists/status/CR" , "2020-01-01" , "2" ,
 "Mammalia" , "Säugetiere (ohne Fledermäuse)" , "https://environment.ld.admin.ch/foen/red-lists/status/EN" , "2020-01-01" , "8" ,
 "Mammalia" , "Säugetiere (ohne Fledermäuse)" , "https://environment.ld.admin.ch/foen/red-lists/status/VU" , "2020-01-01" , "9" ,
 "Mammalia" , "Säugetiere (ohne Fledermäuse)" , "https://environment.ld.admin.ch/foen/red-lists/status/NT" , "2020-01-01" , "3" ,
 "Mammalia" , "Säugetiere (ohne Fledermäuse)" , "https://environment.ld.admin.ch/foen/red-lists/status/LC" , "2020-01-01" , "32" ,
 "Mammalia" , "Säugetiere (ohne Fledermäuse)" , "https://environment.ld.admin.ch/foen/red-lists/status/DD" , "2020-01-01" , "0" ,
 "Chiroptera" , "Fledermäuse" , "https://environment.ld.admin.ch/foen/red-lists/status/RE" , "1994-01-01" , "1" ,
 "Chiroptera" , "Fledermäuse" , "https://environment.ld.admin.ch/foen/red-lists/status/CR" , "1994-01-01" , "4" ,
 "Chiroptera" , "Fledermäuse" , "https://environment.ld.admin.ch/foen/red-lists/status/EN" , "1994-01-01" , "3" ,
 "Chiroptera" , "Fledermäuse" , "https://environment.ld.admin.ch/foen/red-lists/status/VU" , "1994-01-01" , "5" ,
 "Chiroptera" , "Fledermäuse" , "https://environment.ld.admin.ch/foen/red-lists/status/NT" , "1994-01-01" , "11" ,
 "Chiroptera" , "Fledermäuse" , "https://environment.ld.admin.ch/foen/red-lists/status/LC" , "1994-01-01" , "2" ,
 "Chiroptera" , "Fledermäuse" , "https://environment.ld.admin.ch/foen/red-lists/status/RE" , "2014-01-01" , "0" ,
 "Chiroptera" , "Fledermäuse" , "https://environment.ld.admin.ch/foen/red-lists/status/CR" , "2014-01-01" , "3" ,
 "Chiroptera" , "Fledermäuse" , "https://environment.ld.admin.ch/foen/red-lists/status/EN" , "2014-01-01" , "5" ,
 "Chiroptera" , "Fledermäuse" , "https://environment.ld.admin.ch/foen/red-lists/status/VU" , "2014-01-01" , "7" ,
 "Chiroptera" , "Fledermäuse" , "https://environment.ld.admin.ch/foen/red-lists/status/NT" , "2014-01-01" , "7" ,
 "Chiroptera" , "Fledermäuse" , "https://environment.ld.admin.ch/foen/red-lists/status/LC" , "2014-01-01" , "4" ,
 "Chiroptera" , "Fledermäuse" , "https://environment.ld.admin.ch/foen/red-lists/status/DD" , "2014-01-01" , "4" ,
 "Aves" , "Brutvögel" , "https://environment.ld.admin.ch/foen/red-lists/status/RE" , "1994-01-01" , "8" ,
 "Aves" , "Brutvögel" , "https://environment.ld.admin.ch/foen/red-lists/status/CR" , "1994-01-01" , "16" ,
 "Aves" , "Brutvögel" , "https://environment.ld.admin.ch/foen/red-lists/status/EN" , "1994-01-01" , "10" ,
 "Aves" , "Brutvögel" , "https://environment.ld.admin.ch/foen/red-lists/status/VU" , "1994-01-01" , "58" ,
 "Aves" , "Brutvögel" , "https://environment.ld.admin.ch/foen/red-lists/status/NT" , "1994-01-01" , "23" ,
 "Aves" , "Brutvögel" , "https://environment.ld.admin.ch/foen/red-lists/status/LC" , "1994-01-01" , "90" ,
 "Aves" , "Brutvögel" , "https://environment.ld.admin.ch/foen/red-lists/status/RE" , "2010-01-01" , "7" ,
 "Aves" , "Brutvögel" , "https://environment.ld.admin.ch/foen/red-lists/status/CR" , "2010-01-01" , "9" ,
 "Aves" , "Brutvögel" , "https://environment.ld.admin.ch/foen/red-lists/status/EN" , "2010-01-01" , "21" ,
 "Aves" , "Brutvögel" , "https://environment.ld.admin.ch/foen/red-lists/status/VU" , "2010-01-01" , "41" ,
 "Aves" , "Brutvögel" , "https://environment.ld.admin.ch/foen/red-lists/status/NT" , "2010-01-01" , "32" ,
 "Aves" , "Brutvögel" , "https://environment.ld.admin.ch/foen/red-lists/status/LC" , "2010-01-01" , "89" ,
 "Aves" , "Brutvögel" , "https://environment.ld.admin.ch/foen/red-lists/status/DD" , "2010-01-01" , "0" ,
 "Aves" , "Brutvögel" , "https://environment.ld.admin.ch/foen/red-lists/status/RE" , "2020-01-01" , "8" ,
 "Aves" , "Brutvögel" , "https://environment.ld.admin.ch/foen/red-lists/status/CR" , "2020-01-01" , "9" ,
 "Aves" , "Brutvögel" , "https://environment.ld.admin.ch/foen/red-lists/status/EN" , "2020-01-01" , "25" ,
 "Aves" , "Brutvögel" , "https://environment.ld.admin.ch/foen/red-lists/status/VU" , "2020-01-01" , "41" ,
 "Aves" , "Brutvögel" , "https://environment.ld.admin.ch/foen/red-lists/status/NT" , "2020-01-01" , "41" ,
 "Aves" , "Brutvögel" , "https://environment.ld.admin.ch/foen/red-lists/status/LC" , "2020-01-01" , "81" ,
 "Aves" , "Brutvögel" , "https://environment.ld.admin.ch/foen/red-lists/status/DD" , "2020-01-01" , "0" ,
 "Reptilia" , "Reptilien" , "https://environment.ld.admin.ch/foen/red-lists/status/RE" , "1994-01-01" , "1" ,
 "Reptilia" , "Reptilien" , "https://environment.ld.admin.ch/foen/red-lists/status/CR" , "1994-01-01" , "1" ,
 "Reptilia" , "Reptilien" , "https://environment.ld.admin.ch/foen/red-lists/status/EN" , "1994-01-01" , "1" ,
 "Reptilia" , "Reptilien" , "https://environment.ld.admin.ch/foen/red-lists/status/VU" , "1994-01-01" , "9" ,
 "Reptilia" , "Reptilien" , "https://environment.ld.admin.ch/foen/red-lists/status/NT" , "1994-01-01" , "1" ,
 "Reptilia" , "Reptilien" , "https://environment.ld.admin.ch/foen/red-lists/status/LC" , "1994-01-01" , "2" ,
 "Reptilia" , "Reptilien" , "https://environment.ld.admin.ch/foen/red-lists/status/RE" , "2005-01-01" , "0" ,
 "Reptilia" , "Reptilien" , "https://environment.ld.admin.ch/foen/red-lists/status/CR" , "2005-01-01" , "3" ,
 "Reptilia" , "Reptilien" , "https://environment.ld.admin.ch/foen/red-lists/status/EN" , "2005-01-01" , "7" ,
 "Reptilia" , "Reptilien" , "https://environment.ld.admin.ch/foen/red-lists/status/VU" , "2005-01-01" , "5" ,
 "Reptilia" , "Reptilien" , "https://environment.ld.admin.ch/foen/red-lists/status/NT" , "2005-01-01" , "0" ,
 "Reptilia" , "Reptilien" , "https://environment.ld.admin.ch/foen/red-lists/status/LC" , "2005-01-01" , "4" ,
 "Reptilia" , "Reptilien" , "https://environment.ld.admin.ch/foen/red-lists/status/DD" , "2005-01-01" , "0" ,
 "Reptilia" , "Reptilien" , "https://environment.ld.admin.ch/foen/red-lists/status/RE" , "2020-01-01" , "0" ,
 "Reptilia" , "Reptilien" , "https://environment.ld.admin.ch/foen/red-lists/status/CR" , "2020-01-01" , "0" ,
 "Reptilia" , "Reptilien" , "https://environment.ld.admin.ch/foen/red-lists/status/EN" , "2020-01-01" , "0" ,
 "Reptilia" , "Reptilien" , "https://environment.ld.admin.ch/foen/red-lists/status/VU" , "2020-01-01" , "0" ,
 "Reptilia" , "Reptilien" , "https://environment.ld.admin.ch/foen/red-lists/status/NT" , "2020-01-01" , "0" ,
 "Reptilia" , "Reptilien" , "https://environment.ld.admin.ch/foen/red-lists/status/LC" , "2020-01-01" , "0" ,
 "Reptilia" , "Reptilien" , "https://environment.ld.admin.ch/foen/red-lists/status/DD" , "2020-01-01" , "0" ,
 "Amphibia" , "Amphibien" , "https://environment.ld.admin.ch/foen/red-lists/status/RE" , "1994-01-01" , "3" ,
 "Amphibia" , "Amphibien" , "https://environment.ld.admin.ch/foen/red-lists/status/CR" , "1994-01-01" , "1" ,
 "Amphibia" , "Amphibien" , "https://environment.ld.admin.ch/foen/red-lists/status/EN" , "1994-01-01" , "3" ,
 "Amphibia" , "Amphibien" , "https://environment.ld.admin.ch/foen/red-lists/status/VU" , "1994-01-01" , "12" ,
 "Amphibia" , "Amphibien" , "https://environment.ld.admin.ch/foen/red-lists/status/NT" , "1994-01-01" , "0" ,
 "Amphibia" , "Amphibien" , "https://environment.ld.admin.ch/foen/red-lists/status/LC" , "1994-01-01" , "1" ,
 "Amphibia" , "Amphibien" , "https://environment.ld.admin.ch/foen/red-lists/status/RE" , "2005-01-01" , "1" ,
 "Amphibia" , "Amphibien" , "https://environment.ld.admin.ch/foen/red-lists/status/CR" , "2005-01-01" , "0" ,
 "Amphibia" , "Amphibien" , "https://environment.ld.admin.ch/foen/red-lists/status/EN" , "2005-01-01" , "9" ,
 "Amphibia" , "Amphibien" , "https://environment.ld.admin.ch/foen/red-lists/status/VU" , "2005-01-01" , "4" ,
 "Amphibia" , "Amphibien" , "https://environment.ld.admin.ch/foen/red-lists/status/NT" , "2005-01-01" , "1" ,
 "Amphibia" , "Amphibien" , "https://environment.ld.admin.ch/foen/red-lists/status/LC" , "2005-01-01" , "3" ,
 "Amphibia" , "Amphibien" , "https://environment.ld.admin.ch/foen/red-lists/status/DD" , "2005-01-01" , "2" ,
 "Amphibia" , "Amphibien" , "https://environment.ld.admin.ch/foen/red-lists/status/RE" , "2020-01-01" , "0" ,
 "Amphibia" , "Amphibien" , "https://environment.ld.admin.ch/foen/red-lists/status/CR" , "2020-01-01" , "0" ,
 "Amphibia" , "Amphibien" , "https://environment.ld.admin.ch/foen/red-lists/status/EN" , "2020-01-01" , "0" ,
 "Amphibia" , "Amphibien" , "https://environment.ld.admin.ch/foen/red-lists/status/VU" , "2020-01-01" , "0" ,
 "Amphibia" , "Amphibien" , "https://environment.ld.admin.ch/foen/red-lists/status/NT" , "2020-01-01" , "0" ,
 "Amphibia" , "Amphibien" , "https://environment.ld.admin.ch/foen/red-lists/status/LC" , "2020-01-01" , "0" ,
 "Amphibia" , "Amphibien" , "https://environment.ld.admin.ch/foen/red-lists/status/DD" , "2020-01-01" , "0" ,
 "Pisces, Cyclostomata, Petromyzontidae" , "Fische und Rundmäuler" , "https://environment.ld.admin.ch/foen/red-lists/status/RE" , "1994-01-01" , "7" ,
 "Pisces, Cyclostomata, Petromyzontidae" , "Fische und Rundmäuler" , "https://environment.ld.admin.ch/foen/red-lists/status/CR" , "1994-01-01" , "5" ,
 "Pisces, Cyclostomata, Petromyzontidae" , "Fische und Rundmäuler" , "https://environment.ld.admin.ch/foen/red-lists/status/EN" , "1994-01-01" , "8" ,
 "Pisces, Cyclostomata, Petromyzontidae" , "Fische und Rundmäuler" , "https://environment.ld.admin.ch/foen/red-lists/status/VU" , "1994-01-01" , "8" ,
 "Pisces, Cyclostomata, Petromyzontidae" , "Fische und Rundmäuler" , "https://environment.ld.admin.ch/foen/red-lists/status/NT" , "1994-01-01" , "14" ,
 "Pisces, Cyclostomata, Petromyzontidae" , "Fische und Rundmäuler" , "https://environment.ld.admin.ch/foen/red-lists/status/LC" , "1994-01-01" , "12" ,
 "Pisces, Cyclostomata, Petromyzontidae" , "Fische und Rundmäuler" , "https://environment.ld.admin.ch/foen/red-lists/status/RE" , "2007-01-01" , "8" ,
 "Pisces, Cyclostomata, Petromyzontidae" , "Fische und Rundmäuler" , "https://environment.ld.admin.ch/foen/red-lists/status/CR" , "2007-01-01" , "6" ,
 "Pisces, Cyclostomata, Petromyzontidae" , "Fische und Rundmäuler" , "https://environment.ld.admin.ch/foen/red-lists/status/EN" , "2007-01-01" , "5" ,
 "Pisces, Cyclostomata, Petromyzontidae" , "Fische und Rundmäuler" , "https://environment.ld.admin.ch/foen/red-lists/status/VU" , "2007-01-01" , "13" ,
 "Pisces, Cyclostomata, Petromyzontidae" , "Fische und Rundmäuler" , "https://environment.ld.admin.ch/foen/red-lists/status/NT" , "2007-01-01" , "9" ,
 "Pisces, Cyclostomata, Petromyzontidae" , "Fische und Rundmäuler" , "https://environment.ld.admin.ch/foen/red-lists/status/LC" , "2007-01-01" , "14" ,
 "Pisces, Cyclostomata, Petromyzontidae" , "Fische und Rundmäuler" , "https://environment.ld.admin.ch/foen/red-lists/status/DD" , "2007-01-01" , "0" ,
 "Pisces, Cyclostomata, Petromyzontidae" , "Fische und Rundmäuler" , "https://environment.ld.admin.ch/foen/red-lists/status/RE" , "2020-01-01" , "9" ,
 "Pisces, Cyclostomata, Petromyzontidae" , "Fische und Rundmäuler" , "https://environment.ld.admin.ch/foen/red-lists/status/CR" , "2020-01-01" , "14" ,
 "Pisces, Cyclostomata, Petromyzontidae" , "Fische und Rundmäuler" , "https://environment.ld.admin.ch/foen/red-lists/status/EN" , "2020-01-01" , "7" ,
 "Pisces, Cyclostomata, Petromyzontidae" , "Fische und Rundmäuler" , "https://environment.ld.admin.ch/foen/red-lists/status/VU" , "2020-01-01" , "11" ,
 "Pisces, Cyclostomata, Petromyzontidae" , "Fische und Rundmäuler" , "https://environment.ld.admin.ch/foen/red-lists/status/NT" , "2020-01-01" , "9" ,
 "Pisces, Cyclostomata, Petromyzontidae" , "Fische und Rundmäuler" , "https://environment.ld.admin.ch/foen/red-lists/status/LC" , "2020-01-01" , "14" ,
 "Pisces, Cyclostomata, Petromyzontidae" , "Fische und Rundmäuler" , "https://environment.ld.admin.ch/foen/red-lists/status/DD" , "2020-01-01" , "5" ,
 "Tipulidae" , "Schnaken" , "https://environment.ld.admin.ch/foen/red-lists/status/RE" , "1994-01-01" , "2" ,
 "Tipulidae" , "Schnaken" , "https://environment.ld.admin.ch/foen/red-lists/status/CR" , "1994-01-01" , "18" ,
 "Tipulidae" , "Schnaken" , "https://environment.ld.admin.ch/foen/red-lists/status/EN" , "1994-01-01" , "11" ,
 "Tipulidae" , "Schnaken" , "https://environment.ld.admin.ch/foen/red-lists/status/VU" , "1994-01-01" , "15" ,
 "Tipulidae" , "Schnaken" , "https://environment.ld.admin.ch/foen/red-lists/status/NT" , "1994-01-01" , "21" ,
 "Tipulidae" , "Schnaken" , "https://environment.ld.admin.ch/foen/red-lists/status/LC" , "1994-01-01" , "84" ,
 "Lepidoptera, Rhopalocera, Zygaenidae" , "Tagfalter und Widderchen" , "https://environment.ld.admin.ch/foen/red-lists/status/RE" , "1994-01-01" , "0" ,
 "Lepidoptera, Rhopalocera, Zygaenidae" , "Tagfalter und Widderchen" , "https://environment.ld.admin.ch/foen/red-lists/status/CR" , "1994-01-01" , "12" ,
 "Lepidoptera, Rhopalocera, Zygaenidae" , "Tagfalter und Widderchen" , "https://environment.ld.admin.ch/foen/red-lists/status/EN" , "1994-01-01" , "49" ,
 "Lepidoptera, Rhopalocera, Zygaenidae" , "Tagfalter und Widderchen" , "https://environment.ld.admin.ch/foen/red-lists/status/VU" , "1994-01-01" , "39" ,
 "Lepidoptera, Rhopalocera, Zygaenidae" , "Tagfalter und Widderchen" , "https://environment.ld.admin.ch/foen/red-lists/status/NT" , "1994-01-01" , "13" ,
 "Lepidoptera, Rhopalocera, Zygaenidae" , "Tagfalter und Widderchen" , "https://environment.ld.admin.ch/foen/red-lists/status/LC" , "1994-01-01" , "79" ,
 "Lepidoptera, Rhopalocera, Zygaenidae" , "Tagfalter und Widderchen" , "https://environment.ld.admin.ch/foen/red-lists/status/RE" , "2014-01-01" , "3" ,
 "Lepidoptera, Rhopalocera, Zygaenidae" , "Tagfalter und Widderchen" , "https://environment.ld.admin.ch/foen/red-lists/status/CR" , "2014-01-01" , "10" ,
 "Lepidoptera, Rhopalocera, Zygaenidae" , "Tagfalter und Widderchen" , "https://environment.ld.admin.ch/foen/red-lists/status/EN" , "2014-01-01" , "27" ,
 "Lepidoptera, Rhopalocera, Zygaenidae" , "Tagfalter und Widderchen" , "https://environment.ld.admin.ch/foen/red-lists/status/VU" , "2014-01-01" , "38" ,
 "Lepidoptera, Rhopalocera, Zygaenidae" , "Tagfalter und Widderchen" , "https://environment.ld.admin.ch/foen/red-lists/status/NT" , "2014-01-01" , "44" ,
 "Lepidoptera, Rhopalocera, Zygaenidae" , "Tagfalter und Widderchen" , "https://environment.ld.admin.ch/foen/red-lists/status/LC" , "2014-01-01" , "104" ,
 "Lepidoptera, Rhopalocera, Zygaenidae" , "Tagfalter und Widderchen" , "https://environment.ld.admin.ch/foen/red-lists/status/DD" , "2014-01-01" , "0" ,
 "Trichoptera" , "Köcherfliegen" , "https://environment.ld.admin.ch/foen/red-lists/status/RE" , "2012-01-01" , "17" ,
 "Trichoptera" , "Köcherfliegen" , "https://environment.ld.admin.ch/foen/red-lists/status/CR" , "2012-01-01" , "29" ,
 "Trichoptera" , "Köcherfliegen" , "https://environment.ld.admin.ch/foen/red-lists/status/EN" , "2012-01-01" , "47" ,
 "Trichoptera" , "Köcherfliegen" , "https://environment.ld.admin.ch/foen/red-lists/status/VU" , "2012-01-01" , "54" ,
 "Trichoptera" , "Köcherfliegen" , "https://environment.ld.admin.ch/foen/red-lists/status/NT" , "2012-01-01" , "43" ,
 "Trichoptera" , "Köcherfliegen" , "https://environment.ld.admin.ch/foen/red-lists/status/LC" , "2012-01-01" , "101" ,
 "Trichoptera" , "Köcherfliegen" , "https://environment.ld.admin.ch/foen/red-lists/status/DD" , "2012-01-01" , "11" ,
 "Formicidae" , "Ameisen" , "https://environment.ld.admin.ch/foen/red-lists/status/RE" , "1994-01-01" , "3" ,
 "Formicidae" , "Ameisen" , "https://environment.ld.admin.ch/foen/red-lists/status/CR" , "1994-01-01" , "5" ,
 "Formicidae" , "Ameisen" , "https://environment.ld.admin.ch/foen/red-lists/status/EN" , "1994-01-01" , "17" ,
 "Formicidae" , "Ameisen" , "https://environment.ld.admin.ch/foen/red-lists/status/VU" , "1994-01-01" , "21" ,
 "Formicidae" , "Ameisen" , "https://environment.ld.admin.ch/foen/red-lists/status/NT" , "1994-01-01" , "17" ,
 "Formicidae" , "Ameisen" , "https://environment.ld.admin.ch/foen/red-lists/status/LC" , "1994-01-01" , "69" ,
 "Apidae" , "Bienen" , "https://environment.ld.admin.ch/foen/red-lists/status/RE" , "1994-01-01" , "67" ,
 "Apidae" , "Bienen" , "https://environment.ld.admin.ch/foen/red-lists/status/CR" , "1994-01-01" , "25" ,
 "Apidae" , "Bienen" , "https://environment.ld.admin.ch/foen/red-lists/status/EN" , "1994-01-01" , "42" ,
 "Apidae" , "Bienen" , "https://environment.ld.admin.ch/foen/red-lists/status/VU" , "1994-01-01" , "125" ,
 "Apidae" , "Bienen" , "https://environment.ld.admin.ch/foen/red-lists/status/NT" , "1994-01-01" , "37" ,
 "Apidae" , "Bienen" , "https://environment.ld.admin.ch/foen/red-lists/status/LC" , "1994-01-01" , "279" ,
 "Carabidae" , "Laufkäfer" , "https://environment.ld.admin.ch/foen/red-lists/status/RE" , "1994-01-01" , "32" ,
 "Carabidae" , "Laufkäfer" , "https://environment.ld.admin.ch/foen/red-lists/status/CR" , "1994-01-01" , "45" ,
 "Carabidae" , "Laufkäfer" , "https://environment.ld.admin.ch/foen/red-lists/status/EN" , "1994-01-01" , "37" ,
 "Carabidae" , "Laufkäfer" , "https://environment.ld.admin.ch/foen/red-lists/status/VU" , "1994-01-01" , "34" ,
 "Carabidae" , "Laufkäfer" , "https://environment.ld.admin.ch/foen/red-lists/status/NT" , "1994-01-01" , "72" ,
 "Carabidae" , "Laufkäfer" , "https://environment.ld.admin.ch/foen/red-lists/status/LC" , "1994-01-01" , "285" ,
 "Hydradephaga" , "Wasserkäfer" , "https://environment.ld.admin.ch/foen/red-lists/status/RE" , "1994-01-01" , "0" ,
 "Hydradephaga" , "Wasserkäfer" , "https://environment.ld.admin.ch/foen/red-lists/status/CR" , "1994-01-01" , "8" ,
 "Hydradephaga" , "Wasserkäfer" , "https://environment.ld.admin.ch/foen/red-lists/status/EN" , "1994-01-01" , "42" ,
 "Hydradephaga" , "Wasserkäfer" , "https://environment.ld.admin.ch/foen/red-lists/status/VU" , "1994-01-01" , "47" ,
 "Hydradephaga" , "Wasserkäfer" , "https://environment.ld.admin.ch/foen/red-lists/status/NT" , "1994-01-01" , "12" ,
 "Hydradephaga" , "Wasserkäfer" , "https://environment.ld.admin.ch/foen/red-lists/status/LC" , "1994-01-01" , "46" ,
 "Neuropteroidea, Raphidioptera, Megaloptera, Neuroptera" , "Netzflügler" , "https://environment.ld.admin.ch/foen/red-lists/status/RE" , "1994-01-01" , "0" ,
 "Neuropteroidea, Raphidioptera, Megaloptera, Neuroptera" , "Netzflügler" , "https://environment.ld.admin.ch/foen/red-lists/status/CR" , "1994-01-01" , "2" ,
 "Neuropteroidea, Raphidioptera, Megaloptera, Neuroptera" , "Netzflügler" , "https://environment.ld.admin.ch/foen/red-lists/status/EN" , "1994-01-01" , "5" ,
 "Neuropteroidea, Raphidioptera, Megaloptera, Neuroptera" , "Netzflügler" , "https://environment.ld.admin.ch/foen/red-lists/status/VU" , "1994-01-01" , "14" ,
 "Neuropteroidea, Raphidioptera, Megaloptera, Neuroptera" , "Netzflügler" , "https://environment.ld.admin.ch/foen/red-lists/status/NT" , "1994-01-01" , "10" ,
 "Neuropteroidea, Raphidioptera, Megaloptera, Neuroptera" , "Netzflügler" , "https://environment.ld.admin.ch/foen/red-lists/status/LC" , "1994-01-01" , "85" ,
 "Plecoptera" , "Steinfliegen" , "https://environment.ld.admin.ch/foen/red-lists/status/RE" , "2012-01-01" , "7" ,
 "Plecoptera" , "Steinfliegen" , "https://environment.ld.admin.ch/foen/red-lists/status/CR" , "2012-01-01" , "10" ,
 "Plecoptera" , "Steinfliegen" , "https://environment.ld.admin.ch/foen/red-lists/status/EN" , "2012-01-01" , "14" ,
 "Plecoptera" , "Steinfliegen" , "https://environment.ld.admin.ch/foen/red-lists/status/VU" , "2012-01-01" , "13" ,
 "Plecoptera" , "Steinfliegen" , "https://environment.ld.admin.ch/foen/red-lists/status/NT" , "2012-01-01" , "19" ,
 "Plecoptera" , "Steinfliegen" , "https://environment.ld.admin.ch/foen/red-lists/status/LC" , "2012-01-01" , "46" ,
 "Plecoptera" , "Steinfliegen" , "https://environment.ld.admin.ch/foen/red-lists/status/DD" , "2012-01-01" , "2" ,
 "Ephemeroptera" , "Eintagsfliegen" , "https://environment.ld.admin.ch/foen/red-lists/status/RE" , "1994-01-01" , "1" ,
 "Ephemeroptera" , "Eintagsfliegen" , "https://environment.ld.admin.ch/foen/red-lists/status/CR" , "1994-01-01" , "15" ,
 "Ephemeroptera" , "Eintagsfliegen" , "https://environment.ld.admin.ch/foen/red-lists/status/EN" , "1994-01-01" , "10" ,
 "Ephemeroptera" , "Eintagsfliegen" , "https://environment.ld.admin.ch/foen/red-lists/status/VU" , "1994-01-01" , "10" ,
 "Ephemeroptera" , "Eintagsfliegen" , "https://environment.ld.admin.ch/foen/red-lists/status/NT" , "1994-01-01" , "21" ,
 "Ephemeroptera" , "Eintagsfliegen" , "https://environment.ld.admin.ch/foen/red-lists/status/LC" , "1994-01-01" , "25" ,
 "Ephemeroptera" , "Eintagsfliegen" , "https://environment.ld.admin.ch/foen/red-lists/status/RE" , "2012-01-01" , "3" ,
 "Ephemeroptera" , "Eintagsfliegen" , "https://environment.ld.admin.ch/foen/red-lists/status/CR" , "2012-01-01" , "12" ,
 "Ephemeroptera" , "Eintagsfliegen" , "https://environment.ld.admin.ch/foen/red-lists/status/EN" , "2012-01-01" , "7" ,
 "Ephemeroptera" , "Eintagsfliegen" , "https://environment.ld.admin.ch/foen/red-lists/status/VU" , "2012-01-01" , "14" ,
 "Ephemeroptera" , "Eintagsfliegen" , "https://environment.ld.admin.ch/foen/red-lists/status/NT" , "2012-01-01" , "9" ,
 "Ephemeroptera" , "Eintagsfliegen" , "https://environment.ld.admin.ch/foen/red-lists/status/LC" , "2012-01-01" , "39" ,
 "Ephemeroptera" , "Eintagsfliegen" , "https://environment.ld.admin.ch/foen/red-lists/status/DD" , "2012-01-01" , "2" ,
 "Orthoptera" , "Heuschrecken" , "https://environment.ld.admin.ch/foen/red-lists/status/RE" , "1994-01-01" , "5" ,
 "Orthoptera" , "Heuschrecken" , "https://environment.ld.admin.ch/foen/red-lists/status/CR" , "1994-01-01" , "14" ,
 "Orthoptera" , "Heuschrecken" , "https://environment.ld.admin.ch/foen/red-lists/status/EN" , "1994-01-01" , "8" ,
 "Orthoptera" , "Heuschrecken" , "https://environment.ld.admin.ch/foen/red-lists/status/VU" , "1994-01-01" , "40" ,
 "Orthoptera" , "Heuschrecken" , "https://environment.ld.admin.ch/foen/red-lists/status/NT" , "1994-01-01" , "0" ,
 "Orthoptera" , "Heuschrecken" , "https://environment.ld.admin.ch/foen/red-lists/status/LC" , "1994-01-01" , "43" ,
 "Orthoptera" , "Heuschrecken" , "https://environment.ld.admin.ch/foen/red-lists/status/RE" , "2007-01-01" , "3" ,
 "Orthoptera" , "Heuschrecken" , "https://environment.ld.admin.ch/foen/red-lists/status/CR" , "2007-01-01" , "10" ,
 "Orthoptera" , "Heuschrecken" , "https://environment.ld.admin.ch/foen/red-lists/status/EN" , "2007-01-01" , "8" ,
 "Orthoptera" , "Heuschrecken" , "https://environment.ld.admin.ch/foen/red-lists/status/VU" , "2007-01-01" , "19" ,
 "Orthoptera" , "Heuschrecken" , "https://environment.ld.admin.ch/foen/red-lists/status/NT" , "2007-01-01" , "19" ,
 "Orthoptera" , "Heuschrecken" , "https://environment.ld.admin.ch/foen/red-lists/status/LC" , "2007-01-01" , "43" ,
 "Orthoptera" , "Heuschrecken" , "https://environment.ld.admin.ch/foen/red-lists/status/DD" , "2007-01-01" , "3" ,
 "Odonata" , "Libellen" , "https://environment.ld.admin.ch/foen/red-lists/status/RE" , "1994-01-01" , "5" ,
 "Odonata" , "Libellen" , "https://environment.ld.admin.ch/foen/red-lists/status/CR" , "1994-01-01" , "17" ,
 "Odonata" , "Libellen" , "https://environment.ld.admin.ch/foen/red-lists/status/EN" , "1994-01-01" , "9" ,
 "Odonata" , "Libellen" , "https://environment.ld.admin.ch/foen/red-lists/status/VU" , "1994-01-01" , "16" ,
 "Odonata" , "Libellen" , "https://environment.ld.admin.ch/foen/red-lists/status/NT" , "1994-01-01" , "5" ,
 "Odonata" , "Libellen" , "https://environment.ld.admin.ch/foen/red-lists/status/LC" , "1994-01-01" , "29" ,
 "Odonata" , "Libellen" , "https://environment.ld.admin.ch/foen/red-lists/status/RE" , "2002-01-01" , "2" ,
 "Odonata" , "Libellen" , "https://environment.ld.admin.ch/foen/red-lists/status/CR" , "2002-01-01" , "12" ,
 "Odonata" , "Libellen" , "https://environment.ld.admin.ch/foen/red-lists/status/EN" , "2002-01-01" , "7" ,
 "Odonata" , "Libellen" , "https://environment.ld.admin.ch/foen/red-lists/status/VU" , "2002-01-01" , "5" ,
 "Odonata" , "Libellen" , "https://environment.ld.admin.ch/foen/red-lists/status/NT" , "2002-01-01" , "12" ,
 "Odonata" , "Libellen" , "https://environment.ld.admin.ch/foen/red-lists/status/LC" , "2002-01-01" , "34" ,
 "Odonata" , "Libellen" , "https://environment.ld.admin.ch/foen/red-lists/status/DD" , "2002-01-01" , "0" ,
 "Odonata" , "Libellen" , "https://environment.ld.admin.ch/foen/red-lists/status/RE" , "2020-01-01" , "3" ,
 "Odonata" , "Libellen" , "https://environment.ld.admin.ch/foen/red-lists/status/CR" , "2020-01-01" , "4" ,
 "Odonata" , "Libellen" , "https://environment.ld.admin.ch/foen/red-lists/status/EN" , "2020-01-01" , "9" ,
 "Odonata" , "Libellen" , "https://environment.ld.admin.ch/foen/red-lists/status/VU" , "2020-01-01" , "11" ,
 "Odonata" , "Libellen" , "https://environment.ld.admin.ch/foen/red-lists/status/NT" , "2020-01-01" , "6" ,
 "Odonata" , "Libellen" , "https://environment.ld.admin.ch/foen/red-lists/status/LC" , "2020-01-01" , "42" ,
 "Odonata" , "Libellen" , "https://environment.ld.admin.ch/foen/red-lists/status/DD" , "2020-01-01" , "1" ,
 "Decapoda" , "Zehnfusskrebse" , "https://environment.ld.admin.ch/foen/red-lists/status/RE" , "2007-01-01" , "0" ,
 "Decapoda" , "Zehnfusskrebse" , "https://environment.ld.admin.ch/foen/red-lists/status/CR" , "2007-01-01" , "0" ,
 "Decapoda" , "Zehnfusskrebse" , "https://environment.ld.admin.ch/foen/red-lists/status/EN" , "2007-01-01" , "2" ,
 "Decapoda" , "Zehnfusskrebse" , "https://environment.ld.admin.ch/foen/red-lists/status/VU" , "2007-01-01" , "1" ,
 "Decapoda" , "Zehnfusskrebse" , "https://environment.ld.admin.ch/foen/red-lists/status/NT" , "2007-01-01" , "0" ,
 "Decapoda" , "Zehnfusskrebse" , "https://environment.ld.admin.ch/foen/red-lists/status/LC" , "2007-01-01" , "0" ,
 "Decapoda" , "Zehnfusskrebse" , "https://environment.ld.admin.ch/foen/red-lists/status/DD" , "2007-01-01" , "0" ,
 "Decapoda" , "Zehnfusskrebse" , "https://environment.ld.admin.ch/foen/red-lists/status/RE" , "2020-01-01" , "0" ,
 "Decapoda" , "Zehnfusskrebse" , "https://environment.ld.admin.ch/foen/red-lists/status/CR" , "2020-01-01" , "0" ,
 "Decapoda" , "Zehnfusskrebse" , "https://environment.ld.admin.ch/foen/red-lists/status/EN" , "2020-01-01" , "2" ,
 "Decapoda" , "Zehnfusskrebse" , "https://environment.ld.admin.ch/foen/red-lists/status/VU" , "2020-01-01" , "1" ,
 "Decapoda" , "Zehnfusskrebse" , "https://environment.ld.admin.ch/foen/red-lists/status/NT" , "2020-01-01" , "0" ,
 "Decapoda" , "Zehnfusskrebse" , "https://environment.ld.admin.ch/foen/red-lists/status/LC" , "2020-01-01" , "0" ,
 "Decapoda" , "Zehnfusskrebse" , "https://environment.ld.admin.ch/foen/red-lists/status/DD" , "2020-01-01" , "0" ,
 "Bivalvia" , "Muscheln" , "https://environment.ld.admin.ch/foen/red-lists/status/RE" , "1994-01-01" , "1" ,
 "Bivalvia" , "Muscheln" , "https://environment.ld.admin.ch/foen/red-lists/status/CR" , "1994-01-01" , "1" ,
 "Bivalvia" , "Muscheln" , "https://environment.ld.admin.ch/foen/red-lists/status/EN" , "1994-01-01" , "2" ,
 "Bivalvia" , "Muscheln" , "https://environment.ld.admin.ch/foen/red-lists/status/VU" , "1994-01-01" , "5" ,
 "Bivalvia" , "Muscheln" , "https://environment.ld.admin.ch/foen/red-lists/status/NT" , "1994-01-01" , "8" ,
 "Bivalvia" , "Muscheln" , "https://environment.ld.admin.ch/foen/red-lists/status/LC" , "1994-01-01" , "9" ,
 "Bivalvia" , "Muscheln" , "https://environment.ld.admin.ch/foen/red-lists/status/RE" , "2012-01-01" , "1" ,
 "Bivalvia" , "Muscheln" , "https://environment.ld.admin.ch/foen/red-lists/status/CR" , "2012-01-01" , "1" ,
 "Bivalvia" , "Muscheln" , "https://environment.ld.admin.ch/foen/red-lists/status/EN" , "2012-01-01" , "5" ,
 "Bivalvia" , "Muscheln" , "https://environment.ld.admin.ch/foen/red-lists/status/VU" , "2012-01-01" , "4" ,
 "Bivalvia" , "Muscheln" , "https://environment.ld.admin.ch/foen/red-lists/status/NT" , "2012-01-01" , "4" ,
 "Bivalvia" , "Muscheln" , "https://environment.ld.admin.ch/foen/red-lists/status/LC" , "2012-01-01" , "10" ,
 "Bivalvia" , "Muscheln" , "https://environment.ld.admin.ch/foen/red-lists/status/DD" , "2012-01-01" , "4" ,
 "Gastropoda" , "Schnecken" , "https://environment.ld.admin.ch/foen/red-lists/status/RE" , "1994-01-01" , "2" ,
 "Gastropoda" , "Schnecken" , "https://environment.ld.admin.ch/foen/red-lists/status/CR" , "1994-01-01" , "14" ,
 "Gastropoda" , "Schnecken" , "https://environment.ld.admin.ch/foen/red-lists/status/EN" , "1994-01-01" , "22" ,
 "Gastropoda" , "Schnecken" , "https://environment.ld.admin.ch/foen/red-lists/status/VU" , "1994-01-01" , "43" ,
 "Gastropoda" , "Schnecken" , "https://environment.ld.admin.ch/foen/red-lists/status/NT" , "1994-01-01" , "42" ,
 "Gastropoda" , "Schnecken" , "https://environment.ld.admin.ch/foen/red-lists/status/LC" , "1994-01-01" , "121" ,
 "Gastropoda" , "Schnecken" , "https://environment.ld.admin.ch/foen/red-lists/status/RE" , "2012-01-01" , "2" ,
 "Gastropoda" , "Schnecken" , "https://environment.ld.admin.ch/foen/red-lists/status/CR" , "2012-01-01" , "18" ,
 "Gastropoda" , "Schnecken" , "https://environment.ld.admin.ch/foen/red-lists/status/EN" , "2012-01-01" , "36" ,
 "Gastropoda" , "Schnecken" , "https://environment.ld.admin.ch/foen/red-lists/status/VU" , "2012-01-01" , "34" ,
 "Gastropoda" , "Schnecken" , "https://environment.ld.admin.ch/foen/red-lists/status/NT" , "2012-01-01" , "36" ,
 "Gastropoda" , "Schnecken" , "https://environment.ld.admin.ch/foen/red-lists/status/LC" , "2012-01-01" , "98" ,
 "Gastropoda" , "Schnecken" , "https://environment.ld.admin.ch/foen/red-lists/status/DD" , "2012-01-01" , "17" ,
 "Spermatophyta, Dicotyledones, Monocotyledones, Gymnosperma" , "Blütenpflanzen" , "https://environment.ld.admin.ch/foen/red-lists/status/RE" , "1991-01-01" , "63" ,
 "Spermatophyta, Dicotyledones, Monocotyledones, Gymnosperma" , "Blütenpflanzen" , "https://environment.ld.admin.ch/foen/red-lists/status/CR" , "1991-01-01" , "10" ,
 "Spermatophyta, Dicotyledones, Monocotyledones, Gymnosperma" , "Blütenpflanzen" , "https://environment.ld.admin.ch/foen/red-lists/status/EN" , "1991-01-01" , "321" ,
 "Spermatophyta, Dicotyledones, Monocotyledones, Gymnosperma" , "Blütenpflanzen" , "https://environment.ld.admin.ch/foen/red-lists/status/VU" , "1991-01-01" , "242" ,
 "Spermatophyta, Dicotyledones, Monocotyledones, Gymnosperma" , "Blütenpflanzen" , "https://environment.ld.admin.ch/foen/red-lists/status/NT" , "1991-01-01" , "210" ,
 "Spermatophyta, Dicotyledones, Monocotyledones, Gymnosperma" , "Blütenpflanzen" , "https://environment.ld.admin.ch/foen/red-lists/status/LC" , "1991-01-01" , "1669" ,
 "Spermatophyta, Dicotyledones, Monocotyledones, Gymnosperma" , "Blütenpflanzen" , "https://environment.ld.admin.ch/foen/red-lists/status/RE" , "2002-01-01" , "34" ,
 "Spermatophyta, Dicotyledones, Monocotyledones, Gymnosperma" , "Blütenpflanzen" , "https://environment.ld.admin.ch/foen/red-lists/status/CR" , "2002-01-01" , "124" ,
 "Spermatophyta, Dicotyledones, Monocotyledones, Gymnosperma" , "Blütenpflanzen" , "https://environment.ld.admin.ch/foen/red-lists/status/EN" , "2002-01-01" , "241" ,
 "Spermatophyta, Dicotyledones, Monocotyledones, Gymnosperma" , "Blütenpflanzen" , "https://environment.ld.admin.ch/foen/red-lists/status/VU" , "2002-01-01" , "361" ,
 "Spermatophyta, Dicotyledones, Monocotyledones, Gymnosperma" , "Blütenpflanzen" , "https://environment.ld.admin.ch/foen/red-lists/status/NT" , "2002-01-01" , "344" ,
 "Spermatophyta, Dicotyledones, Monocotyledones, Gymnosperma" , "Blütenpflanzen" , "https://environment.ld.admin.ch/foen/red-lists/status/LC" , "2002-01-01" , "1365" ,
 "Spermatophyta, Dicotyledones, Monocotyledones, Gymnosperma" , "Blütenpflanzen" , "https://environment.ld.admin.ch/foen/red-lists/status/DD" , "2002-01-01" , "35" ,
 "Spermatophyta, Dicotyledones, Monocotyledones, Gymnosperma" , "Blütenpflanzen" , "https://environment.ld.admin.ch/foen/red-lists/status/RE" , "2016-01-01" , "35" ,
 "Spermatophyta, Dicotyledones, Monocotyledones, Gymnosperma" , "Blütenpflanzen" , "https://environment.ld.admin.ch/foen/red-lists/status/CR" , "2016-01-01" , "123" ,
 "Spermatophyta, Dicotyledones, Monocotyledones, Gymnosperma" , "Blütenpflanzen" , "https://environment.ld.admin.ch/foen/red-lists/status/EN" , "2016-01-01" , "194" ,
 "Spermatophyta, Dicotyledones, Monocotyledones, Gymnosperma" , "Blütenpflanzen" , "https://environment.ld.admin.ch/foen/red-lists/status/VU" , "2016-01-01" , "354" ,
 "Spermatophyta, Dicotyledones, Monocotyledones, Gymnosperma" , "Blütenpflanzen" , "https://environment.ld.admin.ch/foen/red-lists/status/NT" , "2016-01-01" , "433" ,
 "Spermatophyta, Dicotyledones, Monocotyledones, Gymnosperma" , "Blütenpflanzen" , "https://environment.ld.admin.ch/foen/red-lists/status/LC" , "2016-01-01" , "1594" ,
 "Spermatophyta, Dicotyledones, Monocotyledones, Gymnosperma" , "Blütenpflanzen" , "https://environment.ld.admin.ch/foen/red-lists/status/DD" , "2016-01-01" , "94" ,
 "Pteridophyta" , "Farne" , "https://environment.ld.admin.ch/foen/red-lists/status/RE" , "1991-01-01" , "2" ,
 "Pteridophyta" , "Farne" , "https://environment.ld.admin.ch/foen/red-lists/status/CR" , "1991-01-01" , "2" ,
 "Pteridophyta" , "Farne" , "https://environment.ld.admin.ch/foen/red-lists/status/EN" , "1991-01-01" , "11" ,
 "Pteridophyta" , "Farne" , "https://environment.ld.admin.ch/foen/red-lists/status/VU" , "1991-01-01" , "5" ,
 "Pteridophyta" , "Farne" , "https://environment.ld.admin.ch/foen/red-lists/status/NT" , "1991-01-01" , "13" ,
 "Pteridophyta" , "Farne" , "https://environment.ld.admin.ch/foen/red-lists/status/LC" , "1991-01-01" , "51" ,
 "Pteridophyta" , "Farne" , "https://environment.ld.admin.ch/foen/red-lists/status/RE" , "2002-01-01" , "5" ,
 "Pteridophyta" , "Farne" , "https://environment.ld.admin.ch/foen/red-lists/status/CR" , "2002-01-01" , "7" ,
 "Pteridophyta" , "Farne" , "https://environment.ld.admin.ch/foen/red-lists/status/EN" , "2002-01-01" , "7" ,
 "Pteridophyta" , "Farne" , "https://environment.ld.admin.ch/foen/red-lists/status/VU" , "2002-01-01" , "11" ,
 "Pteridophyta" , "Farne" , "https://environment.ld.admin.ch/foen/red-lists/status/NT" , "2002-01-01" , "10" ,
 "Pteridophyta" , "Farne" , "https://environment.ld.admin.ch/foen/red-lists/status/LC" , "2002-01-01" , "45" ,
 "Pteridophyta" , "Farne" , "https://environment.ld.admin.ch/foen/red-lists/status/DD" , "2002-01-01" , "3" ,
 "Pteridophyta" , "Farne" , "https://environment.ld.admin.ch/foen/red-lists/status/RE" , "2016-01-01" , "1" ,
 "Pteridophyta" , "Farne" , "https://environment.ld.admin.ch/foen/red-lists/status/CR" , "2016-01-01" , "9" ,
 "Pteridophyta" , "Farne" , "https://environment.ld.admin.ch/foen/red-lists/status/EN" , "2016-01-01" , "6" ,
 "Pteridophyta" , "Farne" , "https://environment.ld.admin.ch/foen/red-lists/status/VU" , "2016-01-01" , "14" ,
 "Pteridophyta" , "Farne" , "https://environment.ld.admin.ch/foen/red-lists/status/NT" , "2016-01-01" , "4" ,
 "Pteridophyta" , "Farne" , "https://environment.ld.admin.ch/foen/red-lists/status/LC" , "2016-01-01" , "49" ,
 "Pteridophyta" , "Farne" , "https://environment.ld.admin.ch/foen/red-lists/status/DD" , "2016-01-01" , "5" ,
 "Hepaticae, Musci, Anthocerotae" , "Moose" , "https://environment.ld.admin.ch/foen/red-lists/status/RE" , "1992-01-01" , "5" ,
 "Hepaticae, Musci, Anthocerotae" , "Moose" , "https://environment.ld.admin.ch/foen/red-lists/status/CR" , "1992-01-01" , "44" ,
 "Hepaticae, Musci, Anthocerotae" , "Moose" , "https://environment.ld.admin.ch/foen/red-lists/status/EN" , "1992-01-01" , "40" ,
 "Hepaticae, Musci, Anthocerotae" , "Moose" , "https://environment.ld.admin.ch/foen/red-lists/status/VU" , "1992-01-01" , "312" ,
 "Hepaticae, Musci, Anthocerotae" , "Moose" , "https://environment.ld.admin.ch/foen/red-lists/status/NT" , "1992-01-01" , "50" ,
 "Hepaticae, Musci, Anthocerotae" , "Moose" , "https://environment.ld.admin.ch/foen/red-lists/status/LC" , "1992-01-01" , "558" ,
 "Hepaticae, Musci, Anthocerotae" , "Moose" , "https://environment.ld.admin.ch/foen/red-lists/status/DD" , "1992-01-01" , "21" ,
 "Hepaticae, Musci, Anthocerotae" , "Moose" , "https://environment.ld.admin.ch/foen/red-lists/status/RE" , "2004-01-01" , "0" ,
 "Hepaticae, Musci, Anthocerotae" , "Moose" , "https://environment.ld.admin.ch/foen/red-lists/status/CR" , "2004-01-01" , "61" ,
 "Hepaticae, Musci, Anthocerotae" , "Moose" , "https://environment.ld.admin.ch/foen/red-lists/status/EN" , "2004-01-01" , "58" ,
 "Hepaticae, Musci, Anthocerotae" , "Moose" , "https://environment.ld.admin.ch/foen/red-lists/status/VU" , "2004-01-01" , "282" ,
 "Hepaticae, Musci, Anthocerotae" , "Moose" , "https://environment.ld.admin.ch/foen/red-lists/status/NT" , "2004-01-01" , "67" ,
 "Hepaticae, Musci, Anthocerotae" , "Moose" , "https://environment.ld.admin.ch/foen/red-lists/status/LC" , "2004-01-01" , "512" ,
 "Hepaticae, Musci, Anthocerotae" , "Moose" , "https://environment.ld.admin.ch/foen/red-lists/status/DD" , "2004-01-01" , "98" ,
 "Hepaticae, Musci, Anthocerotae" , "Moose" , "https://environment.ld.admin.ch/foen/red-lists/status/RE" , "2020-01-01" , "0" ,
 "Hepaticae, Musci, Anthocerotae" , "Moose" , "https://environment.ld.admin.ch/foen/red-lists/status/CR" , "2020-01-01" , "0" ,
 "Hepaticae, Musci, Anthocerotae" , "Moose" , "https://environment.ld.admin.ch/foen/red-lists/status/EN" , "2020-01-01" , "0" ,
 "Hepaticae, Musci, Anthocerotae" , "Moose" , "https://environment.ld.admin.ch/foen/red-lists/status/VU" , "2020-01-01" , "0" ,
 "Hepaticae, Musci, Anthocerotae" , "Moose" , "https://environment.ld.admin.ch/foen/red-lists/status/NT" , "2020-01-01" , "0" ,
 "Hepaticae, Musci, Anthocerotae" , "Moose" , "https://environment.ld.admin.ch/foen/red-lists/status/LC" , "2020-01-01" , "0" ,
 "Hepaticae, Musci, Anthocerotae" , "Moose" , "https://environment.ld.admin.ch/foen/red-lists/status/DD" , "2020-01-01" , "0" ,
 "Characeae" , "Armleuchteralgen" , "https://environment.ld.admin.ch/foen/red-lists/status/RE" , "2012-01-01" , "4" ,
 "Characeae" , "Armleuchteralgen" , "https://environment.ld.admin.ch/foen/red-lists/status/CR" , "2012-01-01" , "4" ,
 "Characeae" , "Armleuchteralgen" , "https://environment.ld.admin.ch/foen/red-lists/status/EN" , "2012-01-01" , "6" ,
 "Characeae" , "Armleuchteralgen" , "https://environment.ld.admin.ch/foen/red-lists/status/VU" , "2012-01-01" , "6" ,
 "Characeae" , "Armleuchteralgen" , "https://environment.ld.admin.ch/foen/red-lists/status/NT" , "2012-01-01" , "1" ,
 "Characeae" , "Armleuchteralgen" , "https://environment.ld.admin.ch/foen/red-lists/status/LC" , "2012-01-01" , "2" ,
 "Characeae" , "Armleuchteralgen" , "https://environment.ld.admin.ch/foen/red-lists/status/DD" , "2012-01-01" , "2" ,
 "Lichenes" , "Baumbewohnende Flechten" , "https://environment.ld.admin.ch/foen/red-lists/status/RE" , "2002-01-01" , "22" ,
 "Lichenes" , "Baumbewohnende Flechten" , "https://environment.ld.admin.ch/foen/red-lists/status/CR" , "2002-01-01" , "35" ,
 "Lichenes" , "Baumbewohnende Flechten" , "https://environment.ld.admin.ch/foen/red-lists/status/EN" , "2002-01-01" , "87" ,
 "Lichenes" , "Baumbewohnende Flechten" , "https://environment.ld.admin.ch/foen/red-lists/status/VU" , "2002-01-01" , "86" ,
 "Lichenes" , "Baumbewohnende Flechten" , "https://environment.ld.admin.ch/foen/red-lists/status/NT" , "2002-01-01" , "84" ,
 "Lichenes" , "Baumbewohnende Flechten" , "https://environment.ld.admin.ch/foen/red-lists/status/LC" , "2002-01-01" , "200" ,
 "Lichenes" , "Baumbewohnende Flechten" , "https://environment.ld.admin.ch/foen/red-lists/status/DD" , "2002-01-01" , "7" ,
 "Lichenes" , "Erdbewohnende Flechten" , "https://environment.ld.admin.ch/foen/red-lists/status/RE" , "2002-01-01" , "16" ,
 "Lichenes" , "Erdbewohnende Flechten" , "https://environment.ld.admin.ch/foen/red-lists/status/CR" , "2002-01-01" , "10" ,
 "Lichenes" , "Erdbewohnende Flechten" , "https://environment.ld.admin.ch/foen/red-lists/status/EN" , "2002-01-01" , "9" ,
 "Lichenes" , "Erdbewohnende Flechten" , "https://environment.ld.admin.ch/foen/red-lists/status/VU" , "2002-01-01" , "30" ,
 "Lichenes" , "Erdbewohnende Flechten" , "https://environment.ld.admin.ch/foen/red-lists/status/NT" , "2002-01-01" , "23" ,
 "Lichenes" , "Erdbewohnende Flechten" , "https://environment.ld.admin.ch/foen/red-lists/status/LC" , "2002-01-01" , "111" ,
 "Lichenes" , "Erdbewohnende Flechten" , "https://environment.ld.admin.ch/foen/red-lists/status/DD" , "2002-01-01" , "67" ,
 "Ascomycetes, Basidiomycetes" , "Grosspilze" , "https://environment.ld.admin.ch/foen/red-lists/status/RE" , "2007-01-01" , "1" ,
 "Ascomycetes, Basidiomycetes" , "Grosspilze" , "https://environment.ld.admin.ch/foen/red-lists/status/CR" , "2007-01-01" , "81" ,
 "Ascomycetes, Basidiomycetes" , "Grosspilze" , "https://environment.ld.admin.ch/foen/red-lists/status/EN" , "2007-01-01" , "360" ,
 "Ascomycetes, Basidiomycetes" , "Grosspilze" , "https://environment.ld.admin.ch/foen/red-lists/status/VU" , "2007-01-01" , "495" ,
 "Ascomycetes, Basidiomycetes" , "Grosspilze" , "https://environment.ld.admin.ch/foen/red-lists/status/NT" , "2007-01-01" , "143" ,
 "Ascomycetes, Basidiomycetes" , "Grosspilze" , "https://environment.ld.admin.ch/foen/red-lists/status/LC" , "2007-01-01" , "1876" ,
 "Ascomycetes, Basidiomycetes" , "Grosspilze" , "https://environment.ld.admin.ch/foen/red-lists/status/DD" , "2007-01-01" , "2004" ,
 "Buprestidae, Cerambycidae, Cetoniidae, Lucanidae" , "Prachtkäfer, Bockkäfer, Rosenkäfer, Schröter" , "https://environment.ld.admin.ch/foen/red-lists/status/RE" , "2016-01-01" , "2" ,
 "Buprestidae, Cerambycidae, Cetoniidae, Lucanidae" , "Prachtkäfer, Bockkäfer, Rosenkäfer, Schröter" , "https://environment.ld.admin.ch/foen/red-lists/status/CR" , "2016-01-01" , "31" ,
 "Buprestidae, Cerambycidae, Cetoniidae, Lucanidae" , "Prachtkäfer, Bockkäfer, Rosenkäfer, Schröter" , "https://environment.ld.admin.ch/foen/red-lists/status/EN" , "2016-01-01" , "44" ,
 "Buprestidae, Cerambycidae, Cetoniidae, Lucanidae" , "Prachtkäfer, Bockkäfer, Rosenkäfer, Schröter" , "https://environment.ld.admin.ch/foen/red-lists/status/VU" , "2016-01-01" , "41" ,
 "Buprestidae, Cerambycidae, Cetoniidae, Lucanidae" , "Prachtkäfer, Bockkäfer, Rosenkäfer, Schröter" , "https://environment.ld.admin.ch/foen/red-lists/status/NT" , "2016-01-01" , "47" ,
 "Buprestidae, Cerambycidae, Cetoniidae, Lucanidae" , "Prachtkäfer, Bockkäfer, Rosenkäfer, Schröter" , "https://environment.ld.admin.ch/foen/red-lists/status/LC" , "2016-01-01" , "91" ,
 "Buprestidae, Cerambycidae, Cetoniidae, Lucanidae" , "Prachtkäfer, Bockkäfer, Rosenkäfer, Schröter" , "https://environment.ld.admin.ch/foen/red-lists/status/DD" , "2016-01-01" , "37" ,
 "Mollusca" , "Weichtiere" , "https://environment.ld.admin.ch/foen/red-lists/status/RE" , "1994-01-01" , "3" ,
 "Mollusca" , "Weichtiere" , "https://environment.ld.admin.ch/foen/red-lists/status/CR" , "1994-01-01" , "15" ,
 "Mollusca" , "Weichtiere" , "https://environment.ld.admin.ch/foen/red-lists/status/EN" , "1994-01-01" , "24" ,
 "Mollusca" , "Weichtiere" , "https://environment.ld.admin.ch/foen/red-lists/status/VU" , "1994-01-01" , "48" ,
 "Mollusca" , "Weichtiere" , "https://environment.ld.admin.ch/foen/red-lists/status/NT" , "1994-01-01" , "50" ,
 "Mollusca" , "Weichtiere" , "https://environment.ld.admin.ch/foen/red-lists/status/LC" , "1994-01-01" , "130" ,
 "Mollusca" , "Weichtiere" , "https://environment.ld.admin.ch/foen/red-lists/status/RE" , "2012-01-01" , "3" ,
 "Mollusca" , "Weichtiere" , "https://environment.ld.admin.ch/foen/red-lists/status/CR" , "2012-01-01" , "19" ,
 "Mollusca" , "Weichtiere" , "https://environment.ld.admin.ch/foen/red-lists/status/EN" , "2012-01-01" , "41" ,
 "Mollusca" , "Weichtiere" , "https://environment.ld.admin.ch/foen/red-lists/status/VU" , "2012-01-01" , "38" ,
 "Mollusca" , "Weichtiere" , "https://environment.ld.admin.ch/foen/red-lists/status/NT" , "2012-01-01" , "40" ,
 "Mollusca" , "Weichtiere" , "https://environment.ld.admin.ch/foen/red-lists/status/LC" , "2012-01-01" , "108" ,
 "Mollusca" , "Weichtiere" , "https://environment.ld.admin.ch/foen/red-lists/status/DD" , "2012-01-01" , "21" ,
 "Lichenes" , "Flechten" , "https://environment.ld.admin.ch/foen/red-lists/status/RE" , "2002-01-01" , "38" ,
 "Lichenes" , "Flechten" , "https://environment.ld.admin.ch/foen/red-lists/status/CR" , "2002-01-01" , "45" ,
 "Lichenes" , "Flechten" , "https://environment.ld.admin.ch/foen/red-lists/status/EN" , "2002-01-01" , "96" ,
 "Lichenes" , "Flechten" , "https://environment.ld.admin.ch/foen/red-lists/status/VU" , "2002-01-01" , "116" ,
 "Lichenes" , "Flechten" , "https://environment.ld.admin.ch/foen/red-lists/status/NT" , "2002-01-01" , "107" ,
 "Lichenes" , "Flechten" , "https://environment.ld.admin.ch/foen/red-lists/status/LC" , "2002-01-01" , "311" ,
 "Lichenes" , "Flechten" , "https://environment.ld.admin.ch/foen/red-lists/status/DD" , "2002-01-01" , "74" ,
 "Tracheophyta" , "Gefässpflanzen" , "https://environment.ld.admin.ch/foen/red-lists/status/RE" , "1991-01-01" , "65" ,
 "Tracheophyta" , "Gefässpflanzen" , "https://environment.ld.admin.ch/foen/red-lists/status/CR" , "1991-01-01" , "12" ,
 "Tracheophyta" , "Gefässpflanzen" , "https://environment.ld.admin.ch/foen/red-lists/status/EN" , "1991-01-01" , "332" ,
 "Tracheophyta" , "Gefässpflanzen" , "https://environment.ld.admin.ch/foen/red-lists/status/VU" , "1991-01-01" , "247" ,
 "Tracheophyta" , "Gefässpflanzen" , "https://environment.ld.admin.ch/foen/red-lists/status/NT" , "1991-01-01" , "223" ,
 "Tracheophyta" , "Gefässpflanzen" , "https://environment.ld.admin.ch/foen/red-lists/status/LC" , "1991-01-01" , "1720" ,
 "Tracheophyta" , "Gefässpflanzen" , "https://environment.ld.admin.ch/foen/red-lists/status/RE" , "2002-01-01" , "34" ,
 "Tracheophyta" , "Gefässpflanzen" , "https://environment.ld.admin.ch/foen/red-lists/status/CR" , "2002-01-01" , "124" ,
 "Tracheophyta" , "Gefässpflanzen" , "https://environment.ld.admin.ch/foen/red-lists/status/EN" , "2002-01-01" , "241" ,
 "Tracheophyta" , "Gefässpflanzen" , "https://environment.ld.admin.ch/foen/red-lists/status/VU" , "2002-01-01" , "361" ,
 "Tracheophyta" , "Gefässpflanzen" , "https://environment.ld.admin.ch/foen/red-lists/status/NT" , "2002-01-01" , "344" ,
 "Tracheophyta" , "Gefässpflanzen" , "https://environment.ld.admin.ch/foen/red-lists/status/LC" , "2002-01-01" , "1365" ,
 "Tracheophyta" , "Gefässpflanzen" , "https://environment.ld.admin.ch/foen/red-lists/status/DD" , "2002-01-01" , "35" ,
 "Tracheophyta" , "Gefässpflanzen" , "https://environment.ld.admin.ch/foen/red-lists/status/RE" , "2016-01-01" , "35" ,
 "Tracheophyta" , "Gefässpflanzen" , "https://environment.ld.admin.ch/foen/red-lists/status/CR" , "2016-01-01" , "123" ,
 "Tracheophyta" , "Gefässpflanzen" , "https://environment.ld.admin.ch/foen/red-lists/status/EN" , "2016-01-01" , "194" ,
 "Tracheophyta" , "Gefässpflanzen" , "https://environment.ld.admin.ch/foen/red-lists/status/VU" , "2016-01-01" , "354" ,
 "Tracheophyta" , "Gefässpflanzen" , "https://environment.ld.admin.ch/foen/red-lists/status/NT" , "2016-01-01" , "433" ,
 "Tracheophyta" , "Gefässpflanzen" , "https://environment.ld.admin.ch/foen/red-lists/status/LC" , "2016-01-01" , "1594" ,
 "Tracheophyta" , "Gefässpflanzen" , "https://environment.ld.admin.ch/foen/red-lists/status/DD" , "2016-01-01" , "94" ,
 "Cicadidae" , "Singzikaden" , "https://environment.ld.admin.ch/foen/red-lists/status/RE" , "2020-01-01" , "0" ,
 "Cicadidae" , "Singzikaden" , "https://environment.ld.admin.ch/foen/red-lists/status/CR" , "2020-01-01" , "1" ,
 "Cicadidae" , "Singzikaden" , "https://environment.ld.admin.ch/foen/red-lists/status/EN" , "2020-01-01" , "5" ,
 "Cicadidae" , "Singzikaden" , "https://environment.ld.admin.ch/foen/red-lists/status/VU" , "2020-01-01" , "2" ,
 "Cicadidae" , "Singzikaden" , "https://environment.ld.admin.ch/foen/red-lists/status/NT" , "2020-01-01" , "0" ,
 "Cicadidae" , "Singzikaden" , "https://environment.ld.admin.ch/foen/red-lists/status/LC" , "2020-01-01" , "2" ,
 "Cicadidae" , "Singzikaden" , "https://environment.ld.admin.ch/foen/red-lists/status/DD" , "2020-01-01" , "0" ,
