Jahr,Forstzone_id,Forstzone,Kanton_id,Kanton,Eigentümertyp_id,Eigentümertyp,Holzartengruppe_id,Holzartengruppe,Holzernte - Total,Stammholz,Industrieholz,Energieholz - Total,>> Stück-Energieholz,>> Hack-Energieholz,Übrige Sortimente
2019,0,Schweiz,1,Zürich,0,Eigentümertyp - Total,0,Holzartengruppe - Total,469303,213586,43806,211450,38525,172925,461
,,,,,,,1,Nadelholz,308262,183914,31497,92555,7691,84864,296
,,,,,,,2,Laubholz,161041,29672,12309,118895,30834,88061,165
,,,,,10,Öffentliche Wälder,0,Holzartengruppe - Total,237761,102292,23717,111596,16848,94748,156
,,,,,,,1,Nadelholz,142607,84157,17015,41289,1288,40001,146
,,,,,,,2,Laubholz,95154,18135,6702,70307,15560,54747,10
,,,,,23,Privatwälder,0,Holzartengruppe - Total,231542,111294,20089,99854,21677,78177,305
,,,,,,,1,Nadelholz,165655,99757,14482,51266,6403,44863,150
,,,,,,,2,Laubholz,65887,11537,5607,48588,15274,33314,155
,,,2,Bern / Berne,0,Eigentümertyp - Total,0,Holzartengruppe - Total,823460,431955,108716,281886,99212,182674,903
,,,,,,,1,Nadelholz,609437,400574,68601,139426,43066,96360,836
,,,,,,,2,Laubholz,214023,31381,40115,142460,56146,86314,67
,,,,,10,Öffentliche Wälder,0,Holzartengruppe - Total,426351,206343,74504,145194,40489,104705,310
,,,,,,,1,Nadelholz,284590,186358,43499,54481,8510,45971,252
,,,,,,,2,Laubholz,141761,19985,31005,90713,31979,58734,58
,,,,,23,Privatwälder,0,Holzartengruppe - Total,397109,225612,34212,136692,58723,77969,593
,,,,,,,1,Nadelholz,324847,214216,25102,84945,34556,50389,584
,,,,,,,2,Laubholz,72262,11396,9110,51747,24167,27580,9
,,,3,Luzern,0,Eigentümertyp - Total,0,Holzartengruppe - Total,191927,95238,41785,54783,18966,35817,121
,,,,,,,1,Nadelholz,151236,90208,31976,28946,9761,19185,106
,,,,,,,2,Laubholz,40691,5030,9809,25837,9205,16632,15
,,,,,10,Öffentliche Wälder,0,Holzartengruppe - Total,55671,25169,11239,19169,5312,13857,93
,,,,,,,1,Nadelholz,42895,23893,8906,10015,3398,6618,81
,,,,,,,2,Laubholz,12776,1276,2334,9154,1915,7239,13
,,,,,23,Privatwälder,0,Holzartengruppe - Total,136256,70069,30546,35614,13654,21960,28
,,,,,,,1,Nadelholz,108341,66315,23070,18931,6363,12567,25
,,,,,,,2,Laubholz,27915,3754,7475,16683,7290,9393,3
,,,4,Uri,0,Eigentümertyp - Total,0,Holzartengruppe - Total,30531,10995,243,19290,6928,12362,3
,,,,,,,1,Nadelholz,24125,10921,240,12961,2698,10263,3
,,,,,,,2,Laubholz,6406,74,3,6329,4230,2099,0
,,,,,10,Öffentliche Wälder,0,Holzartengruppe - Total,26197,10060,243,15891,4018,11873,3
,,,,,,,1,Nadelholz,21759,10016,240,11500,1636,9864,3
,,,,,,,2,Laubholz,4438,44,3,4391,2382,2009,0
,,,,,23,Privatwälder,0,Holzartengruppe - Total,4334,935,0,3399,2910,489,0
,,,,,,,1,Nadelholz,2366,905,0,1461,1062,399,0
,,,,,,,2,Laubholz,1968,30,0,1938,1848,90,0
,,,5,Schwyz,0,Eigentümertyp - Total,0,Holzartengruppe - Total,92815,47553,8854,36065,13347,22718,343
,,,,,,,1,Nadelholz,74775,45991,6917,21555,4111,17444,312
,,,,,,,2,Laubholz,18040,1562,1937,14510,9236,5274,31
,,,,,10,Öffentliche Wälder,0,Holzartengruppe - Total,62729,34024,5592,23039,5546,17493,74
,,,,,,,1,Nadelholz,54738,33317,4900,16448,1896,14552,73
,,,,,,,2,Laubholz,7991,706,692,6591,3650,2941,1
,,,,,23,Privatwälder,0,Holzartengruppe - Total,30086,13529,3262,13026,7801,5225,269
,,,,,,,1,Nadelholz,20037,12674,2017,5107,2215,2892,239
,,,,,,,2,Laubholz,10049,856,1245,7919,5586,2333,30
,,,6,Obwalden,0,Eigentümertyp - Total,0,Holzartengruppe - Total,72389,27372,7704,37275,10383,26892,38
,,,,,,,1,Nadelholz,46175,24376,5728,16033,1172,14861,38
,,,,,,,2,Laubholz,26214,2996,1976,21242,9211,12031,0
,,,,,10,Öffentliche Wälder,0,Holzartengruppe - Total,69994,26947,7292,35755,8936,26819,0
,,,,,,,1,Nadelholz,45207,24071,5687,15449,588,14861,0
,,,,,,,2,Laubholz,24787,2876,1605,20306,8348,11958,0
,,,,,23,Privatwälder,0,Holzartengruppe - Total,2395,425,412,1520,1447,73,38
,,,,,,,1,Nadelholz,968,305,41,584,584,0,38
,,,,,,,2,Laubholz,1427,120,371,936,863,73,0
,,,7,Nidwalden,0,Eigentümertyp - Total,0,Holzartengruppe - Total,23820,5585,1162,17053,4557,12496,20
,,,,,,,1,Nadelholz,11134,5274,1078,4782,806,3976,0
,,,,,,,2,Laubholz,12686,311,84,12271,3751,8520,20
,,,,,10,Öffentliche Wälder,0,Holzartengruppe - Total,13991,3195,665,10111,1463,8648,20
,,,,,,,1,Nadelholz,6010,3057,581,2372,70,2302,0
,,,,,,,2,Laubholz,7981,138,84,7739,1393,6346,20
,,,,,23,Privatwälder,0,Holzartengruppe - Total,9829,2390,497,6942,3094,3848,0
,,,,,,,1,Nadelholz,5124,2217,497,2410,736,1674,0
,,,,,,,2,Laubholz,4705,173,0,4532,2358,2174,0
,,,8,Glarus,0,Eigentümertyp - Total,0,Holzartengruppe - Total,43360,17271,4194,21854,9373,12481,41
,,,,,,,1,Nadelholz,25618,17080,1662,6855,853,6002,21
,,,,,,,2,Laubholz,17742,191,2532,14999,8520,6479,20
,,,,,10,Öffentliche Wälder,0,Holzartengruppe - Total,38347,16244,3355,18724,7297,11427,24
,,,,,,,1,Nadelholz,24008,16068,1500,6419,678,5741,21
,,,,,,,2,Laubholz,14339,176,1855,12305,6619,5686,3
,,,,,23,Privatwälder,0,Holzartengruppe - Total,5013,1027,839,3130,2076,1054,17
,,,,,,,1,Nadelholz,1610,1012,162,436,175,261,0
,,,,,,,2,Laubholz,3403,15,677,2694,1901,793,17
,,,9,Zug,0,Eigentümertyp - Total,0,Holzartengruppe - Total,55820,25713,3260,26847,3262,23585,0
,,,,,,,1,Nadelholz,37384,23705,3124,10555,739,9816,0
,,,,,,,2,Laubholz,18436,2008,136,16292,2523,13769,0
,,,,,10,Öffentliche Wälder,0,Holzartengruppe - Total,37886,17524,2820,17542,2054,15488,0
,,,,,,,1,Nadelholz,25754,16303,2755,6696,384,6312,0
,,,,,,,2,Laubholz,12132,1221,65,10846,1670,9176,0
,,,,,23,Privatwälder,0,Holzartengruppe - Total,17934,8189,440,9305,1208,8097,0
,,,,,,,1,Nadelholz,11630,7402,369,3859,355,3504,0
,,,,,,,2,Laubholz,6304,787,71,5446,853,4593,0
,,,10,Fribourg / Freiburg,0,Eigentümertyp - Total,0,Holzartengruppe - Total,255683,132626,12201,110711,28875,81836,145
,,,,,,,1,Nadelholz,189527,129216,11787,48399,5767,42632,125
,,,,,,,2,Laubholz,66156,3410,414,62312,23108,39204,20
,,,,,10,Öffentliche Wälder,0,Holzartengruppe - Total,186995,97158,8895,80867,16347,64520,74
,,,,,,,1,Nadelholz,139338,94571,8523,36190,1692,34498,54
,,,,,,,2,Laubholz,47657,2587,372,44678,14655,30023,20
,,,,,23,Privatwälder,0,Holzartengruppe - Total,68688,35468,3306,29844,12528,17316,71
,,,,,,,1,Nadelholz,50189,34645,3264,12209,4075,8134,71
,,,,,,,2,Laubholz,18499,823,42,17634,8453,9181,0
,,,11,Solothurn,0,Eigentümertyp - Total,0,Holzartengruppe - Total,187034,67788,44457,74736,29541,45195,53
,,,,,,,1,Nadelholz,88816,52446,22431,13916,3578,10338,23
,,,,,,,2,Laubholz,98218,15342,22026,60820,25963,34857,30
,,,,,10,Öffentliche Wälder,0,Holzartengruppe - Total,159644,60534,41498,57559,12961,44598,53
,,,,,,,1,Nadelholz,78871,47179,21085,10584,345,10239,23
,,,,,,,2,Laubholz,80773,13355,20413,46975,12616,34359,30
,,,,,23,Privatwälder,0,Holzartengruppe - Total,27390,7254,2959,17177,16580,597,0
,,,,,,,1,Nadelholz,9945,5267,1346,3332,3233,99,0
,,,,,,,2,Laubholz,17445,1987,1613,13845,13347,498,0
,,,12,Basel-Stadt,0,Eigentümertyp - Total,0,Holzartengruppe - Total,3300,450,251,2599,0,2599,0
,,,,,,,1,Nadelholz,228,150,63,15,0,15,0
,,,,,,,2,Laubholz,3072,300,188,2584,0,2584,0
,,,,,10,Öffentliche Wälder,0,Holzartengruppe - Total,3300,450,251,2599,0,2599,0
,,,,,,,1,Nadelholz,228,150,63,15,0,15,0
,,,,,,,2,Laubholz,3072,300,188,2584,0,2584,0
,,,,,23,Privatwälder,0,Holzartengruppe - Total,0,0,0,0,0,0,0
,,,,,,,1,Nadelholz,0,0,0,0,0,0,0
,,,,,,,2,Laubholz,0,0,0,0,0,0,0
,,,13,Basel-Landschaft,0,Eigentümertyp - Total,0,Holzartengruppe - Total,124254,33997,11970,78192,14858,63334,95
,,,,,,,1,Nadelholz,25405,12871,3323,9116,860,8256,95
,,,,,,,2,Laubholz,98849,21126,8647,69076,13998,55078,0
,,,,,10,Öffentliche Wälder,0,Holzartengruppe - Total,111006,30796,11509,68606,10142,58464,95
,,,,,,,1,Nadelholz,22537,11273,3233,7936,94,7842,95
,,,,,,,2,Laubholz,88469,19523,8276,60670,10048,50622,0
,,,,,23,Privatwälder,0,Holzartengruppe - Total,13248,3201,461,9586,4716,4870,0
,,,,,,,1,Nadelholz,2868,1598,90,1180,766,414,0
,,,,,,,2,Laubholz,10380,1603,371,8406,3950,4456,0
,,,14,Schaffhausen,0,Eigentümertyp - Total,0,Holzartengruppe - Total,92764,39106,18273,35385,13755,21630,0
,,,,,,,1,Nadelholz,58727,35247,9720,13760,3556,10204,0
,,,,,,,2,Laubholz,34037,3859,8553,21625,10199,11426,0
,,,,,10,Öffentliche Wälder,0,Holzartengruppe - Total,83138,35731,17134,30273,12372,17901,0
,,,,,,,1,Nadelholz,51608,32215,8787,10606,3090,7516,0
,,,,,,,2,Laubholz,31530,3516,8347,19667,9282,10385,0
,,,,,23,Privatwälder,0,Holzartengruppe - Total,9626,3375,1139,5112,1383,3729,0
,,,,,,,1,Nadelholz,7119,3032,933,3154,466,2688,0
,,,,,,,2,Laubholz,2507,343,206,1958,917,1041,0
,,,15,Appenzell Ausserrhoden,0,Eigentümertyp - Total,0,Holzartengruppe - Total,52346,32340,1828,18121,3488,14633,57
,,,,,,,1,Nadelholz,45519,31738,1372,12379,1503,10876,30
,,,,,,,2,Laubholz,6827,602,456,5742,1985,3757,27
,,,,,10,Öffentliche Wälder,0,Holzartengruppe - Total,10849,7211,471,3160,705,2455,7
,,,,,,,1,Nadelholz,9645,7094,465,2081,150,1931,5
,,,,,,,2,Laubholz,1204,117,6,1079,555,524,2
,,,,,23,Privatwälder,0,Holzartengruppe - Total,41497,25129,1357,14961,2783,12178,50
,,,,,,,1,Nadelholz,35874,24644,907,10298,1353,8945,25
,,,,,,,2,Laubholz,5623,485,450,4663,1430,3233,25
,,,16,Appenzell Innerrhoden,0,Eigentümertyp - Total,0,Holzartengruppe - Total,26936,22268,138,4530,3087,1443,0
,,,,,,,1,Nadelholz,26671,22128,138,4405,2962,1443,0
,,,,,,,2,Laubholz,265,140,0,125,125,0,0
,,,,,10,Öffentliche Wälder,0,Holzartengruppe - Total,10044,7820,0,2224,781,1443,0
,,,,,,,1,Nadelholz,10022,7811,0,2211,768,1443,0
,,,,,,,2,Laubholz,22,9,0,13,13,0,0
,,,,,23,Privatwälder,0,Holzartengruppe - Total,16892,14448,138,2306,2306,0,0
,,,,,,,1,Nadelholz,16649,14317,138,2194,2194,0,0
,,,,,,,2,Laubholz,243,131,0,112,112,0,0
,,,17,St. Gallen,0,Eigentümertyp - Total,0,Holzartengruppe - Total,262488,136519,15591,110138,45247,64891,240
,,,,,,,1,Nadelholz,167712,120302,7554,39670,10291,29379,186
,,,,,,,2,Laubholz,94776,16217,8037,70468,34956,35512,54
,,,,,10,Öffentliche Wälder,0,Holzartengruppe - Total,142071,75867,5632,60522,16753,43769,50
,,,,,,,1,Nadelholz,94644,68801,3508,22289,2469,19820,46
,,,,,,,2,Laubholz,47427,7066,2124,38233,14284,23949,4
,,,,,23,Privatwälder,0,Holzartengruppe - Total,120417,60652,9959,49616,28494,21122,190
,,,,,,,1,Nadelholz,73068,51501,4046,17381,7822,9559,140
,,,,,,,2,Laubholz,47349,9151,5913,32235,20672,11563,50
,,,18,Graubünden / Grigioni / Grischun,0,Eigentümertyp - Total,0,Holzartengruppe - Total,354506,212751,3898,137725,75468,62257,132
,,,,,,,1,Nadelholz,335487,212176,3623,119574,66517,53057,114
,,,,,,,2,Laubholz,19019,575,275,18151,8951,9200,18
,,,,,10,Öffentliche Wälder,0,Holzartengruppe - Total,317276,192743,1448,122956,65902,57054,129
,,,,,,,1,Nadelholz,304077,192237,1292,110434,60599,49835,114
,,,,,,,2,Laubholz,13199,506,156,12522,5303,7219,15
,,,,,23,Privatwälder,0,Holzartengruppe - Total,37230,20008,2450,14769,9566,5203,3
,,,,,,,1,Nadelholz,31410,19939,2331,9140,5918,3222,0
,,,,,,,2,Laubholz,5820,69,119,5629,3648,1981,3
,,,19,Aargau,0,Eigentümertyp - Total,0,Holzartengruppe - Total,401833,157389,49945,194407,39774,154633,92
,,,,,,,1,Nadelholz,233978,128618,31917,73381,6916,66465,62
,,,,,,,2,Laubholz,167855,28771,18028,121026,32858,88168,30
,,,,,10,Öffentliche Wälder,0,Holzartengruppe - Total,328888,126757,41223,160908,24303,136605,0
,,,,,,,1,Nadelholz,187545,102655,25753,59137,1479,57658,0
,,,,,,,2,Laubholz,141343,24102,15470,101771,22824,78947,0
,,,,,23,Privatwälder,0,Holzartengruppe - Total,72945,30632,8722,33499,15471,18028,92
,,,,,,,1,Nadelholz,46433,25963,6164,14244,5437,8807,62
,,,,,,,2,Laubholz,26512,4669,2558,19255,10034,9221,30
,,,20,Thurgau,0,Eigentümertyp - Total,0,Holzartengruppe - Total,149402,70834,7670,70770,21300,49470,128
,,,,,,,1,Nadelholz,104082,62378,7400,34258,4971,29287,46
,,,,,,,2,Laubholz,45320,8456,270,36512,16329,20183,82
,,,,,10,Öffentliche Wälder,0,Holzartengruppe - Total,64887,30404,2899,31503,8983,22520,81
,,,,,,,1,Nadelholz,40412,25362,2712,12334,888,11446,4
,,,,,,,2,Laubholz,24475,5042,187,19169,8095,11074,77
,,,,,23,Privatwälder,0,Holzartengruppe - Total,84515,40430,4771,39267,12317,26950,47
,,,,,,,1,Nadelholz,63670,37016,4688,21924,4083,17841,42
,,,,,,,2,Laubholz,20845,3414,83,17343,8234,9109,5
,,,21,Ticino,0,Eigentümertyp - Total,0,Holzartengruppe - Total,92578,12507,2956,77115,70849,6266,0
,,,,,,,1,Nadelholz,30571,12253,2855,15463,13763,1700,0
,,,,,,,2,Laubholz,62007,254,101,61652,57086,4566,0
,,,,,10,Öffentliche Wälder,0,Holzartengruppe - Total,75811,12295,2956,60560,54294,6266,0
,,,,,,,1,Nadelholz,29581,12124,2855,14602,12902,1700,0
,,,,,,,2,Laubholz,46230,171,101,45958,41392,4566,0
,,,,,23,Privatwälder,0,Holzartengruppe - Total,16767,212,0,16555,16555,0,0
,,,,,,,1,Nadelholz,990,129,0,861,861,0,0
,,,,,,,2,Laubholz,15777,83,0,15694,15694,0,0
,,,22,Vaud,0,Eigentümertyp - Total,0,Holzartengruppe - Total,385748,201827,36035,147399,120430,26969,487
,,,,,,,1,Nadelholz,252133,188810,28535,34609,25858,8751,179
,,,,,,,2,Laubholz,133615,13017,7500,112790,94572,18218,308
,,,,,10,Öffentliche Wälder,0,Holzartengruppe - Total,315619,170988,28036,116154,90450,25704,441
,,,,,,,1,Nadelholz,209452,159455,22342,27522,19729,7793,133
,,,,,,,2,Laubholz,106167,11533,5694,88632,70721,17911,308
,,,,,23,Privatwälder,0,Holzartengruppe - Total,70129,30839,7999,31245,29980,1265,46
,,,,,,,1,Nadelholz,42681,29355,6193,7087,6129,958,46
,,,,,,,2,Laubholz,27448,1484,1806,24158,23851,307,0
,,,23,Valais / Wallis,0,Eigentümertyp - Total,0,Holzartengruppe - Total,103554,41809,13607,48127,24463,23664,11
,,,,,,,1,Nadelholz,95442,41809,13465,40157,19386,20771,11
,,,,,,,2,Laubholz,8112,0,142,7970,5077,2893,0
,,,,,10,Öffentliche Wälder,0,Holzartengruppe - Total,99523,40694,13333,45485,22490,22995,11
,,,,,,,1,Nadelholz,92467,40694,13216,38546,18374,20172,11
,,,,,,,2,Laubholz,7056,0,117,6939,4116,2823,0
,,,,,23,Privatwälder,0,Holzartengruppe - Total,4031,1115,274,2642,1973,669,0
,,,,,,,1,Nadelholz,2975,1115,249,1611,1012,599,0
,,,,,,,2,Laubholz,1056,0,25,1031,961,70,0
,,,24,Neuchâtel,0,Eigentümertyp - Total,0,Holzartengruppe - Total,136055,85976,12922,37039,12502,24537,118
,,,,,,,1,Nadelholz,101365,80661,4521,16143,1779,14364,40
,,,,,,,2,Laubholz,34690,5315,8401,20896,10723,10173,78
,,,,,10,Öffentliche Wälder,0,Holzartengruppe - Total,88892,53847,8227,26700,6746,19954,118
,,,,,,,1,Nadelholz,64784,50251,2679,11814,391,11423,40
,,,,,,,2,Laubholz,24108,3596,5548,14886,6355,8531,78
,,,,,23,Privatwälder,0,Holzartengruppe - Total,47163,32129,4695,10339,5756,4583,0
,,,,,,,1,Nadelholz,36581,30410,1842,4329,1388,2941,0
,,,,,,,2,Laubholz,10582,1719,2853,6010,4368,1642,0
,,,25,Genève,0,Eigentümertyp - Total,0,Holzartengruppe - Total,7285,719,262,6282,1435,4847,22
,,,,,,,1,Nadelholz,587,307,258,0,0,0,22
,,,,,,,2,Laubholz,6698,412,4,6282,1435,4847,0
,,,,,10,Öffentliche Wälder,0,Holzartengruppe - Total,4763,557,255,3942,1215,2727,9
,,,,,,,1,Nadelholz,565,303,254,0,0,0,9
,,,,,,,2,Laubholz,4198,255,2,3942,1215,2727,0
,,,,,23,Privatwälder,0,Holzartengruppe - Total,2522,162,7,2340,220,2120,13
,,,,,,,1,Nadelholz,22,4,4,0,0,0,13
,,,,,,,2,Laubholz,2500,157,2,2340,220,2120,0
,,,26,Jura,0,Eigentümertyp - Total,0,Holzartengruppe - Total,174847,70412,50786,53649,17079,36570,0
,,,,,,,1,Nadelholz,85431,44971,24028,16432,2594,13838,0
,,,,,,,2,Laubholz,89416,25441,26758,37217,14485,22732,0
,,,,,10,Öffentliche Wälder,0,Holzartengruppe - Total,159491,62570,46641,50280,13715,36565,0
,,,,,,,1,Nadelholz,76639,39164,21917,15558,1721,13837,0
,,,,,,,2,Laubholz,82852,23407,24723,34722,11994,22728,0
,,,,,23,Privatwälder,0,Holzartengruppe - Total,15356,7842,4145,3369,3364,5,0
,,,,,,,1,Nadelholz,8792,5807,2111,874,873,1,0
,,,,,,,2,Laubholz,6564,2034,2035,2495,2491,4,0
,1,Jura,1,Zürich,0,Eigentümertyp - Total,0,Holzartengruppe - Total,...,...,...,...,...,...,...
,,,,,,,1,Nadelholz,...,...,...,...,...,...,...
,,,,,,,2,Laubholz,...,...,...,...,...,...,...
,,,,,10,Öffentliche Wälder,0,Holzartengruppe - Total,...,...,...,...,...,...,...
,,,,,,,1,Nadelholz,...,...,...,...,...,...,...
,,,,,,,2,Laubholz,...,...,...,...,...,...,...
,,,,,23,Privatwälder,0,Holzartengruppe - Total,...,...,...,...,...,...,...
,,,,,,,1,Nadelholz,...,...,...,...,...,...,...
,,,,,,,2,Laubholz,...,...,...,...,...,...,...
,,,2,Bern / Berne,0,Eigentümertyp - Total,0,Holzartengruppe - Total,111877,55696,27604,28577,12900,15677,0
,,,,,,,1,Nadelholz,70683,48416,13723,8544,1996,6548,0
,,,,,,,2,Laubholz,41194,7280,13881,20033,10904,9129,0
,,,,,10,Öffentliche Wälder,0,Holzartengruppe - Total,94364,41546,27444,25374,9980,15394,0
,,,,,,,1,Nadelholz,57630,36530,13707,7393,862,6531,0
,,,,,,,2,Laubholz,36734,5016,13737,17981,9118,8863,0
,,,,,23,Privatwälder,0,Holzartengruppe - Total,17513,14150,160,3203,2920,283,0
,,,,,,,1,Nadelholz,13053,11886,16,1151,1134,17,0
,,,,,,,2,Laubholz,4460,2264,144,2052,1786,266,0
,,,3,Luzern,0,Eigentümertyp - Total,0,Holzartengruppe - Total,...,...,...,...,...,...,...
,,,,,,,1,Nadelholz,...,...,...,...,...,...,...
,,,,,,,2,Laubholz,...,...,...,...,...,...,...
,,,,,10,Öffentliche Wälder,0,Holzartengruppe - Total,...,...,...,...,...,...,...
,,,,,,,1,Nadelholz,...,...,...,...,...,...,...
,,,,,,,2,Laubholz,...,...,...,...,...,...,...
,,,,,23,Privatwälder,0,Holzartengruppe - Total,...,...,...,...,...,...,...
,,,,,,,1,Nadelholz,...,...,...,...,...,...,...
,,,,,,,2,Laubholz,...,...,...,...,...,...,...
,,,4,Uri,0,Eigentümertyp - Total,0,Holzartengruppe - Total,...,...,...,...,...,...,...
,,,,,,,1,Nadelholz,...,...,...,...,...,...,...
,,,,,,,2,Laubholz,...,...,...,...,...,...,...
,,,,,10,Öffentliche Wälder,0,Holzartengruppe - Total,...,...,...,...,...,...,...
,,,,,,,1,Nadelholz,...,...,...,...,...,...,...
,,,,,,,2,Laubholz,...,...,...,...,...,...,...
,,,,,23,Privatwälder,0,Holzartengruppe - Total,...,...,...,...,...,...,...
,,,,,,,1,Nadelholz,...,...,...,...,...,...,...
,,,,,,,2,Laubholz,...,...,...,...,...,...,...
,,,5,Schwyz,0,Eigentümertyp - Total,0,Holzartengruppe - Total,...,...,...,...,...,...,...
,,,,,,,1,Nadelholz,...,...,...,...,...,...,...
,,,,,,,2,Laubholz,...,...,...,...,...,...,...
,,,,,10,Öffentliche Wälder,0,Holzartengruppe - Total,...,...,...,...,...,...,...
,,,,,,,1,Nadelholz,...,...,...,...,...,...,...
,,,,,,,2,Laubholz,...,...,...,...,...,...,...
,,,,,23,Privatwälder,0,Holzartengruppe - Total,...,...,...,...,...,...,...
,,,,,,,1,Nadelholz,...,...,...,...,...,...,...
,,,,,,,2,Laubholz,...,...,...,...,...,...,...
,,,6,Obwalden,0,Eigentümertyp - Total,0,Holzartengruppe - Total,...,...,...,...,...,...,...
,,,,,,,1,Nadelholz,...,...,...,...,...,...,...
,,,,,,,2,Laubholz,...,...,...,...,...,...,...
,,,,,10,Öffentliche Wälder,0,Holzartengruppe - Total,...,...,...,...,...,...,...
,,,,,,,1,Nadelholz,...,...,...,...,...,...,...
,,,,,,,2,Laubholz,...,...,...,...,...,...,...
,,,,,23,Privatwälder,0,Holzartengruppe - Total,...,...,...,...,...,...,...
,,,,,,,1,Nadelholz,...,...,...,...,...,...,...
,,,,,,,2,Laubholz,...,...,...,...,...,...,...
,,,7,Nidwalden,0,Eigentümertyp - Total,0,Holzartengruppe - Total,...,...,...,...,...,...,...
,,,,,,,1,Nadelholz,...,...,...,...,...,...,...
,,,,,,,2,Laubholz,...,...,...,...,...,...,...
,,,,,10,Öffentliche Wälder,0,Holzartengruppe - Total,...,...,...,...,...,...,...
,,,,,,,1,Nadelholz,...,...,...,...,...,...,...
,,,,,,,2,Laubholz,...,...,...,...,...,...,...
,,,,,23,Privatwälder,0,Holzartengruppe - Total,...,...,...,...,...,...,...
,,,,,,,1,Nadelholz,...,...,...,...,...,...,...
,,,,,,,2,Laubholz,...,...,...,...,...,...,...
,,,8,Glarus,0,Eigentümertyp - Total,0,Holzartengruppe - Total,...,...,...,...,...,...,...
,,,,,,,1,Nadelholz,...,...,...,...,...,...,...
,,,,,,,2,Laubholz,...,...,...,...,...,...,...
,,,,,10,Öffentliche Wälder,0,Holzartengruppe - Total,...,...,...,...,...,...,...
,,,,,,,1,Nadelholz,...,...,...,...,...,...,...
,,,,,,,2,Laubholz,...,...,...,...,...,...,...
,,,,,23,Privatwälder,0,Holzartengruppe - Total,...,...,...,...,...,...,...
,,,,,,,1,Nadelholz,...,...,...,...,...,...,...
,,,,,,,2,Laubholz,...,...,...,...,...,...,...
,,,9,Zug,0,Eigentümertyp - Total,0,Holzartengruppe - Total,...,...,...,...,...,...,...
,,,,,,,1,Nadelholz,...,...,...,...,...,...,...
,,,,,,,2,Laubholz,...,...,...,...,...,...,...
,,,,,10,Öffentliche Wälder,0,Holzartengruppe - Total,...,...,...,...,...,...,...
,,,,,,,1,Nadelholz,...,...,...,...,...,...,...
,,,,,,,2,Laubholz,...,...,...,...,...,...,...
,,,,,23,Privatwälder,0,Holzartengruppe - Total,...,...,...,...,...,...,...
,,,,,,,1,Nadelholz,...,...,...,...,...,...,...
,,,,,,,2,Laubholz,...,...,...,...,...,...,...
,,,10,Fribourg / Freiburg,0,Eigentümertyp - Total,0,Holzartengruppe - Total,...,...,...,...,...,...,...
,,,,,,,1,Nadelholz,...,...,...,...,...,...,...
,,,,,,,2,Laubholz,...,...,...,...,...,...,...
,,,,,10,Öffentliche Wälder,0,Holzartengruppe - Total,...,...,...,...,...,...,...
,,,,,,,1,Nadelholz,...,...,...,...,...,...,...
,,,,,,,2,Laubholz,...,...,...,...,...,...,...
,,,,,23,Privatwälder,0,Holzartengruppe - Total,...,...,...,...,...,...,...
,,,,,,,1,Nadelholz,...,...,...,...,...,...,...
,,,,,,,2,Laubholz,...,...,...,...,...,...,...
,,,11,Solothurn,0,Eigentümertyp - Total,0,Holzartengruppe - Total,116890,36361,23750,56726,23564,33162,53
,,,,,,,1,Nadelholz,42684,24787,8285,9589,1926,7663,23
,,,,,,,2,Laubholz,74206,11574,15465,47137,21638,25499,30
,,,,,10,Öffentliche Wälder,0,Holzartengruppe - Total,97906,32165,21989,43699,10537,33162,53
,,,,,,,1,Nadelholz,37990,22250,7830,7887,224,7663,23
,,,,,,,2,Laubholz,59916,9915,14159,35812,10313,25499,30
,,,,,23,Privatwälder,0,Holzartengruppe - Total,18984,4196,1761,13027,13027,0,0
,,,,,,,1,Nadelholz,4694,2537,455,1702,1702,0,0
,,,,,,,2,Laubholz,14290,1659,1306,11325,11325,0,0
,,,12,Basel-Stadt,0,Eigentümertyp - Total,0,Holzartengruppe - Total,3300,450,251,2599,0,2599,0
,,,,,,,1,Nadelholz,228,150,63,15,0,15,0
,,,,,,,2,Laubholz,3072,300,188,2584,0,2584,0
,,,,,10,Öffentliche Wälder,0,Holzartengruppe - Total,3300,450,251,2599,0,2599,0
,,,,,,,1,Nadelholz,228,150,63,15,0,15,0
,,,,,,,2,Laubholz,3072,300,188,2584,0,2584,0
,,,,,23,Privatwälder,0,Holzartengruppe - Total,0,0,0,0,0,0,0
,,,,,,,1,Nadelholz,0,0,0,0,0,0,0
,,,,,,,2,Laubholz,0,0,0,0,0,0,0
,,,13,Basel-Landschaft,0,Eigentümertyp - Total,0,Holzartengruppe - Total,124254,33997,11970,78192,14858,63334,95
,,,,,,,1,Nadelholz,25405,12871,3323,9116,860,8256,95
,,,,,,,2,Laubholz,98849,21126,8647,69076,13998,55078,0
,,,,,10,Öffentliche Wälder,0,Holzartengruppe - Total,111006,30796,11509,68606,10142,58464,95
,,,,,,,1,Nadelholz,22537,11273,3233,7936,94,7842,95
,,,,,,,2,Laubholz,88469,19523,8276,60670,10048,50622,0
,,,,,23,Privatwälder,0,Holzartengruppe - Total,13248,3201,461,9586,4716,4870,0
,,,,,,,1,Nadelholz,2868,1598,90,1180,766,414,0
,,,,,,,2,Laubholz,10380,1603,371,8406,3950,4456,0
,,,14,Schaffhausen,0,Eigentümertyp - Total,0,Holzartengruppe - Total,80633,33494,16560,30579,12815,17764,0
,,,,,,,1,Nadelholz,48302,29962,8194,10146,3006,7140,0
,,,,,,,2,Laubholz,32331,3532,8366,20433,9809,10624,0
,,,,,10,Öffentliche Wälder,0,Holzartengruppe - Total,74205,31628,15816,26761,11822,14939,0
,,,,,,,1,Nadelholz,43911,28359,7656,7896,2740,5156,0
,,,,,,,2,Laubholz,30294,3269,8160,18865,9082,9783,0
,,,,,23,Privatwälder,0,Holzartengruppe - Total,6428,1866,744,3818,993,2825,0
,,,,,,,1,Nadelholz,4391,1603,538,2250,266,1984,0
,,,,,,,2,Laubholz,2037,263,206,1568,727,841,0
,,,15,Appenzell Ausserrhoden,0,Eigentümertyp - Total,0,Holzartengruppe - Total,...,...,...,...,...,...,...
,,,,,,,1,Nadelholz,...,...,...,...,...,...,...
,,,,,,,2,Laubholz,...,...,...,...,...,...,...
,,,,,10,Öffentliche Wälder,0,Holzartengruppe - Total,...,...,...,...,...,...,...
,,,,,,,1,Nadelholz,...,...,...,...,...,...,...
,,,,,,,2,Laubholz,...,...,...,...,...,...,...
,,,,,23,Privatwälder,0,Holzartengruppe - Total,...,...,...,...,...,...,...
,,,,,,,1,Nadelholz,...,...,...,...,...,...,...
,,,,,,,2,Laubholz,...,...,...,...,...,...,...
,,,16,Appenzell Innerrhoden,0,Eigentümertyp - Total,0,Holzartengruppe - Total,...,...,...,...,...,...,...
,,,,,,,1,Nadelholz,...,...,...,...,...,...,...
,,,,,,,2,Laubholz,...,...,...,...,...,...,...
,,,,,10,Öffentliche Wälder,0,Holzartengruppe - Total,...,...,...,...,...,...,...
,,,,,,,1,Nadelholz,...,...,...,...,...,...,...
,,,,,,,2,Laubholz,...,...,...,...,...,...,...
,,,,,23,Privatwälder,0,Holzartengruppe - Total,...,...,...,...,...,...,...
,,,,,,,1,Nadelholz,...,...,...,...,...,...,...
,,,,,,,2,Laubholz,...,...,...,...,...,...,...
,,,17,St. Gallen,0,Eigentümertyp - Total,0,Holzartengruppe - Total,...,...,...,...,...,...,...
,,,,,,,1,Nadelholz,...,...,...,...,...,...,...
,,,,,,,2,Laubholz,...,...,...,...,...,...,...
,,,,,10,Öffentliche Wälder,0,Holzartengruppe - Total,...,...,...,...,...,...,...
,,,,,,,1,Nadelholz,...,...,...,...,...,...,...
,,,,,,,2,Laubholz,...,...,...,...,...,...,...
,,,,,23,Privatwälder,0,Holzartengruppe - Total,...,...,...,...,...,...,...
,,,,,,,1,Nadelholz,...,...,...,...,...,...,...
,,,,,,,2,Laubholz,...,...,...,...,...,...,...
,,,18,Graubünden / Grigioni / Grischun,0,Eigentümertyp - Total,0,Holzartengruppe - Total,...,...,...,...,...,...,...
,,,,,,,1,Nadelholz,...,...,...,...,...,...,...
,,,,,,,2,Laubholz,...,...,...,...,...,...,...
,,,,,10,Öffentliche Wälder,0,Holzartengruppe - Total,...,...,...,...,...,...,...
,,,,,,,1,Nadelholz,...,...,...,...,...,...,...
,,,,,,,2,Laubholz,...,...,...,...,...,...,...
,,,,,23,Privatwälder,0,Holzartengruppe - Total,...,...,...,...,...,...,...
,,,,,,,1,Nadelholz,...,...,...,...,...,...,...
,,,,,,,2,Laubholz,...,...,...,...,...,...,...
,,,19,Aargau,0,Eigentümertyp - Total,0,Holzartengruppe - Total,130918,45927,19807,65184,11541,53643,0
,,,,,,,1,Nadelholz,69125,35811,11308,22006,1375,20631,0
,,,,,,,2,Laubholz,61793,10116,8499,43178,10166,33012,0
,,,,,10,Öffentliche Wälder,0,Holzartengruppe - Total,108080,36360,15814,55906,6727,49179,0
,,,,,,,1,Nadelholz,55768,27600,8890,19278,92,19186,0
,,,,,,,2,Laubholz,52312,8760,6924,36628,6635,29993,0
,,,,,23,Privatwälder,0,Holzartengruppe - Total,22838,9567,3993,9278,4814,4464,0
,,,,,,,1,Nadelholz,13357,8211,2418,2728,1283,1445,0
,,,,,,,2,Laubholz,9481,1356,1575,6550,3531,3019,0
,,,20,Thurgau,0,Eigentümertyp - Total,0,Holzartengruppe - Total,...,...,...,...,...,...,...
,,,,,,,1,Nadelholz,...,...,...,...,...,...,...
,,,,,,,2,Laubholz,...,...,...,...,...,...,...
,,,,,10,Öffentliche Wälder,0,Holzartengruppe - Total,...,...,...,...,...,...,...
,,,,,,,1,Nadelholz,...,...,...,...,...,...,...
,,,,,,,2,Laubholz,...,...,...,...,...,...,...
,,,,,23,Privatwälder,0,Holzartengruppe - Total,...,...,...,...,...,...,...
,,,,,,,1,Nadelholz,...,...,...,...,...,...,...
,,,,,,,2,Laubholz,...,...,...,...,...,...,...
,,,21,Ticino,0,Eigentümertyp - Total,0,Holzartengruppe - Total,...,...,...,...,...,...,...
,,,,,,,1,Nadelholz,...,...,...,...,...,...,...
,,,,,,,2,Laubholz,...,...,...,...,...,...,...
,,,,,10,Öffentliche Wälder,0,Holzartengruppe - Total,...,...,...,...,...,...,...
,,,,,,,1,Nadelholz,...,...,...,...,...,...,...
,,,,,,,2,Laubholz,...,...,...,...,...,...,...
,,,,,23,Privatwälder,0,Holzartengruppe - Total,...,...,...,...,...,...,...
,,,,,,,1,Nadelholz,...,...,...,...,...,...,...
,,,,,,,2,Laubholz,...,...,...,...,...,...,...
,,,22,Vaud,0,Eigentümertyp - Total,0,Holzartengruppe - Total,137981,79498,10426,47832,40430,7402,225
,,,,,,,1,Nadelholz,94663,75642,8198,10722,8820,1902,101
,,,,,,,2,Laubholz,43318,3856,2228,37110,31610,5500,124
,,,,,10,Öffentliche Wälder,0,Holzartengruppe - Total,120812,71424,8899,40264,33694,6570,225
,,,,,,,1,Nadelholz,84248,68081,7126,8940,7563,1377,101
,,,,,,,2,Laubholz,36564,3343,1773,31324,26131,5193,124
,,,,,23,Privatwälder,0,Holzartengruppe - Total,17169,8074,1527,7568,6736,832,0
,,,,,,,1,Nadelholz,10415,7561,1072,1782,1257,525,0
,,,,,,,2,Laubholz,6754,513,455,5786,5479,307,0
,,,23,Valais / Wallis,0,Eigentümertyp - Total,0,Holzartengruppe - Total,...,...,...,...,...,...,...
,,,,,,,1,Nadelholz,...,...,...,...,...,...,...
,,,,,,,2,Laubholz,...,...,...,...,...,...,...
,,,,,10,Öffentliche Wälder,0,Holzartengruppe - Total,...,...,...,...,...,...,...
,,,,,,,1,Nadelholz,...,...,...,...,...,...,...
,,,,,,,2,Laubholz,...,...,...,...,...,...,...
,,,,,23,Privatwälder,0,Holzartengruppe - Total,...,...,...,...,...,...,...
,,,,,,,1,Nadelholz,...,...,...,...,...,...,...
,,,,,,,2,Laubholz,...,...,...,...,...,...,...
,,,24,Neuchâtel,0,Eigentümertyp - Total,0,Holzartengruppe - Total,136055,85976,12922,37039,12502,24537,118
,,,,,,,1,Nadelholz,101365,80661,4521,16143,1779,14364,40
,,,,,,,2,Laubholz,34690,5315,8401,20896,10723,10173,78
,,,,,10,Öffentliche Wälder,0,Holzartengruppe - Total,88892,53847,8227,26700,6746,19954,118
,,,,,,,1,Nadelholz,64784,50251,2679,11814,391,11423,40
,,,,,,,2,Laubholz,24108,3596,5548,14886,6355,8531,78
,,,,,23,Privatwälder,0,Holzartengruppe - Total,47163,32129,4695,10339,5756,4583,0
,,,,,,,1,Nadelholz,36581,30410,1842,4329,1388,2941,0
,,,,,,,2,Laubholz,10582,1719,2853,6010,4368,1642,0
,,,25,Genève,0,Eigentümertyp - Total,0,Holzartengruppe - Total,...,...,...,...,...,...,...
,,,,,,,1,Nadelholz,...,...,...,...,...,...,...
,,,,,,,2,Laubholz,...,...,...,...,...,...,...
,,,,,10,Öffentliche Wälder,0,Holzartengruppe - Total,...,...,...,...,...,...,...
,,,,,,,1,Nadelholz,...,...,...,...,...,...,...
,,,,,,,2,Laubholz,...,...,...,...,...,...,...
,,,,,23,Privatwälder,0,Holzartengruppe - Total,...,...,...,...,...,...,...
,,,,,,,1,Nadelholz,...,...,...,...,...,...,...
,,,,,,,2,Laubholz,...,...,...,...,...,...,...
,,,26,Jura,0,Eigentümertyp - Total,0,Holzartengruppe - Total,174847,70412,50786,53649,17079,36570,0
,,,,,,,1,Nadelholz,85431,44971,24028,16432,2594,13838,0
,,,,,,,2,Laubholz,89416,25441,26758,37217,14485,22732,0
,,,,,10,Öffentliche Wälder,0,Holzartengruppe - Total,159491,62570,46641,50280,13715,36565,0
,,,,,,,1,Nadelholz,76639,39164,21917,15558,1721,13837,0
,,,,,,,2,Laubholz,82852,23407,24723,34722,11994,22728,0
,,,,,23,Privatwälder,0,Holzartengruppe - Total,15356,7842,4145,3369,3364,5,0
,,,,,,,1,Nadelholz,8792,5807,2111,874,873,1,0
,,,,,,,2,Laubholz,6564,2034,2035,2495,2491,4,0
,2,Mittelland,1,Zürich,0,Eigentümertyp - Total,0,Holzartengruppe - Total,461119,210084,42933,207641,37662,169979,461
,,,,,,,1,Nadelholz,303126,180833,30681,91316,7657,83659,296
,,,,,,,2,Laubholz,157993,29251,12252,116325,30005,86320,165
,,,,,10,Öffentliche Wälder,0,Holzartengruppe - Total,234315,100527,23299,110333,16405,93928,156
,,,,,,,1,Nadelholz,140549,82669,16634,41100,1288,39812,146
,,,,,,,2,Laubholz,93766,17858,6665,69233,15117,54116,10
,,,,,23,Privatwälder,0,Holzartengruppe - Total,226804,109557,19634,97308,21257,76051,305
,,,,,,,1,Nadelholz,162577,98164,14047,50216,6369,43847,150
,,,,,,,2,Laubholz,64227,11393,5587,47092,14888,32204,155
,,,2,Bern / Berne,0,Eigentümertyp - Total,0,Holzartengruppe - Total,361875,183621,50567,127601,35255,92346,86
,,,,,,,1,Nadelholz,243296,163780,30405,49092,11146,37946,19
,,,,,,,2,Laubholz,118579,19841,20162,78509,24109,54400,67
,,,,,10,Öffentliche Wälder,0,Holzartengruppe - Total,196382,87263,33378,75673,16217,59456,68
,,,,,,,1,Nadelholz,117474,74509,19720,23235,2746,20489,10
,,,,,,,2,Laubholz,78908,12754,13658,52438,13471,38967,58
,,,,,23,Privatwälder,0,Holzartengruppe - Total,165493,96358,17189,51928,19038,32890,18
,,,,,,,1,Nadelholz,125822,89271,10685,25857,8400,17457,9
,,,,,,,2,Laubholz,39671,7087,6504,26071,10638,15433,9
,,,3,Luzern,0,Eigentümertyp - Total,0,Holzartengruppe - Total,93357,42989,18787,31491,12190,19301,90
,,,,,,,1,Nadelholz,69728,40263,12951,16435,5634,10801,79
,,,,,,,2,Laubholz,23629,2726,5836,15056,6556,8500,11
,,,,,10,Öffentliche Wälder,0,Holzartengruppe - Total,21083,9365,4146,7486,1958,5528,85
,,,,,,,1,Nadelholz,15717,8850,2703,4089,869,3220,76
,,,,,,,2,Laubholz,5365,515,1443,3397,1089,2309,10
,,,,,23,Privatwälder,0,Holzartengruppe - Total,72274,33624,14641,24005,10232,13773,5
,,,,,,,1,Nadelholz,54011,31413,10248,12346,4765,7581,4
,,,,,,,2,Laubholz,18264,2211,4393,11659,5467,6191,2
,,,4,Uri,0,Eigentümertyp - Total,0,Holzartengruppe - Total,...,...,...,...,...,...,...
,,,,,,,1,Nadelholz,...,...,...,...,...,...,...
,,,,,,,2,Laubholz,...,...,...,...,...,...,...
,,,,,10,Öffentliche Wälder,0,Holzartengruppe - Total,...,...,...,...,...,...,...
,,,,,,,1,Nadelholz,...,...,...,...,...,...,...
,,,,,,,2,Laubholz,...,...,...,...,...,...,...
,,,,,23,Privatwälder,0,Holzartengruppe - Total,...,...,...,...,...,...,...
,,,,,,,1,Nadelholz,...,...,...,...,...,...,...
,,,,,,,2,Laubholz,...,...,...,...,...,...,...
,,,5,Schwyz,0,Eigentümertyp - Total,0,Holzartengruppe - Total,...,...,...,...,...,...,...
,,,,,,,1,Nadelholz,...,...,...,...,...,...,...
,,,,,,,2,Laubholz,...,...,...,...,...,...,...
,,,,,10,Öffentliche Wälder,0,Holzartengruppe - Total,...,...,...,...,...,...,...
,,,,,,,1,Nadelholz,...,...,...,...,...,...,...
,,,,,,,2,Laubholz,...,...,...,...,...,...,...
,,,,,23,Privatwälder,0,Holzartengruppe - Total,...,...,...,...,...,...,...
,,,,,,,1,Nadelholz,...,...,...,...,...,...,...
,,,,,,,2,Laubholz,...,...,...,...,...,...,...
,,,6,Obwalden,0,Eigentümertyp - Total,0,Holzartengruppe - Total,...,...,...,...,...,...,...
,,,,,,,1,Nadelholz,...,...,...,...,...,...,...
,,,,,,,2,Laubholz,...,...,...,...,...,...,...
,,,,,10,Öffentliche Wälder,0,Holzartengruppe - Total,...,...,...,...,...,...,...
,,,,,,,1,Nadelholz,...,...,...,...,...,...,...
,,,,,,,2,Laubholz,...,...,...,...,...,...,...
,,,,,23,Privatwälder,0,Holzartengruppe - Total,...,...,...,...,...,...,...
,,,,,,,1,Nadelholz,...,...,...,...,...,...,...
,,,,,,,2,Laubholz,...,...,...,...,...,...,...
,,,7,Nidwalden,0,Eigentümertyp - Total,0,Holzartengruppe - Total,...,...,...,...,...,...,...
,,,,,,,1,Nadelholz,...,...,...,...,...,...,...
,,,,,,,2,Laubholz,...,...,...,...,...,...,...
,,,,,10,Öffentliche Wälder,0,Holzartengruppe - Total,...,...,...,...,...,...,...
,,,,,,,1,Nadelholz,...,...,...,...,...,...,...
,,,,,,,2,Laubholz,...,...,...,...,...,...,...
,,,,,23,Privatwälder,0,Holzartengruppe - Total,...,...,...,...,...,...,...
,,,,,,,1,Nadelholz,...,...,...,...,...,...,...
,,,,,,,2,Laubholz,...,...,...,...,...,...,...
,,,8,Glarus,0,Eigentümertyp - Total,0,Holzartengruppe - Total,...,...,...,...,...,...,...
,,,,,,,1,Nadelholz,...,...,...,...,...,...,...
,,,,,,,2,Laubholz,...,...,...,...,...,...,...
,,,,,10,Öffentliche Wälder,0,Holzartengruppe - Total,...,...,...,...,...,...,...
,,,,,,,1,Nadelholz,...,...,...,...,...,...,...
,,,,,,,2,Laubholz,...,...,...,...,...,...,...
,,,,,23,Privatwälder,0,Holzartengruppe - Total,...,...,...,...,...,...,...
,,,,,,,1,Nadelholz,...,...,...,...,...,...,...
,,,,,,,2,Laubholz,...,...,...,...,...,...,...
,,,9,Zug,0,Eigentümertyp - Total,0,Holzartengruppe - Total,16299,7349,469,8481,492,7989,0
,,,,,,,1,Nadelholz,11118,6684,448,3986,82,3904,0
,,,,,,,2,Laubholz,5181,665,21,4495,410,4085,0
,,,,,10,Öffentliche Wälder,0,Holzartengruppe - Total,8162,3598,171,4393,266,4127,0
,,,,,,,1,Nadelholz,6110,3381,171,2558,76,2482,0
,,,,,,,2,Laubholz,2052,217,0,1835,190,1645,0
,,,,,23,Privatwälder,0,Holzartengruppe - Total,8137,3751,298,4088,226,3862,0
,,,,,,,1,Nadelholz,5008,3303,277,1428,6,1422,0
,,,,,,,2,Laubholz,3129,448,21,2660,220,2440,0
,,,10,Fribourg / Freiburg,0,Eigentümertyp - Total,0,Holzartengruppe - Total,126484,56569,4464,65431,16743,48688,20
,,,,,,,1,Nadelholz,82126,53380,4096,24650,3381,21269,0
,,,,,,,2,Laubholz,44358,3189,368,40781,13362,27419,20
,,,,,10,Öffentliche Wälder,0,Holzartengruppe - Total,86792,38187,2523,46062,7326,38736,20
,,,,,,,1,Nadelholz,55448,35709,2197,17542,353,17189,0
,,,,,,,2,Laubholz,31344,2478,326,28520,6973,21547,20
,,,,,23,Privatwälder,0,Holzartengruppe - Total,39692,18382,1941,19369,9417,9952,0
,,,,,,,1,Nadelholz,26678,17671,1899,7108,3028,4080,0
,,,,,,,2,Laubholz,13014,711,42,12261,6389,5872,0
,,,11,Solothurn,0,Eigentümertyp - Total,0,Holzartengruppe - Total,70144,31427,20707,18010,5977,12033,0
,,,,,,,1,Nadelholz,46132,27659,14146,4327,1652,2675,0
,,,,,,,2,Laubholz,24012,3768,6561,13683,4325,9358,0
,,,,,10,Öffentliche Wälder,0,Holzartengruppe - Total,61738,28369,19509,13860,2424,11436,0
,,,,,,,1,Nadelholz,40881,24929,13255,2697,121,2576,0
,,,,,,,2,Laubholz,20857,3440,6254,11163,2303,8860,0
,,,,,23,Privatwälder,0,Holzartengruppe - Total,8406,3058,1198,4150,3553,597,0
,,,,,,,1,Nadelholz,5251,2730,891,1630,1531,99,0
,,,,,,,2,Laubholz,3155,328,307,2520,2022,498,0
,,,12,Basel-Stadt,0,Eigentümertyp - Total,0,Holzartengruppe - Total,...,...,...,...,...,...,...
,,,,,,,1,Nadelholz,...,...,...,...,...,...,...
,,,,,,,2,Laubholz,...,...,...,...,...,...,...
,,,,,10,Öffentliche Wälder,0,Holzartengruppe - Total,...,...,...,...,...,...,...
,,,,,,,1,Nadelholz,...,...,...,...,...,...,...
,,,,,,,2,Laubholz,...,...,...,...,...,...,...
,,,,,23,Privatwälder,0,Holzartengruppe - Total,...,...,...,...,...,...,...
,,,,,,,1,Nadelholz,...,...,...,...,...,...,...
,,,,,,,2,Laubholz,...,...,...,...,...,...,...
,,,13,Basel-Landschaft,0,Eigentümertyp - Total,0,Holzartengruppe - Total,...,...,...,...,...,...,...
,,,,,,,1,Nadelholz,...,...,...,...,...,...,...
,,,,,,,2,Laubholz,...,...,...,...,...,...,...
,,,,,10,Öffentliche Wälder,0,Holzartengruppe - Total,...,...,...,...,...,...,...
,,,,,,,1,Nadelholz,...,...,...,...,...,...,...
,,,,,,,2,Laubholz,...,...,...,...,...,...,...
,,,,,23,Privatwälder,0,Holzartengruppe - Total,...,...,...,...,...,...,...
,,,,,,,1,Nadelholz,...,...,...,...,...,...,...
,,,,,,,2,Laubholz,...,...,...,...,...,...,...
,,,14,Schaffhausen,0,Eigentümertyp - Total,0,Holzartengruppe - Total,12131,5612,1713,4806,940,3866,0
,,,,,,,1,Nadelholz,10425,5285,1526,3614,550,3064,0
,,,,,,,2,Laubholz,1706,327,187,1192,390,802,0
,,,,,10,Öffentliche Wälder,0,Holzartengruppe - Total,8933,4103,1318,3512,550,2962,0
,,,,,,,1,Nadelholz,7697,3856,1131,2710,350,2360,0
,,,,,,,2,Laubholz,1236,247,187,802,200,602,0
,,,,,23,Privatwälder,0,Holzartengruppe - Total,3198,1509,395,1294,390,904,0
,,,,,,,1,Nadelholz,2728,1429,395,904,200,704,0
,,,,,,,2,Laubholz,470,80,0,390,190,200,0
,,,15,Appenzell Ausserrhoden,0,Eigentümertyp - Total,0,Holzartengruppe - Total,...,...,...,...,...,...,...
,,,,,,,1,Nadelholz,...,...,...,...,...,...,...
,,,,,,,2,Laubholz,...,...,...,...,...,...,...
,,,,,10,Öffentliche Wälder,0,Holzartengruppe - Total,...,...,...,...,...,...,...
,,,,,,,1,Nadelholz,...,...,...,...,...,...,...
,,,,,,,2,Laubholz,...,...,...,...,...,...,...
,,,,,23,Privatwälder,0,Holzartengruppe - Total,...,...,...,...,...,...,...
,,,,,,,1,Nadelholz,...,...,...,...,...,...,...
,,,,,,,2,Laubholz,...,...,...,...,...,...,...
,,,16,Appenzell Innerrhoden,0,Eigentümertyp - Total,0,Holzartengruppe - Total,...,...,...,...,...,...,...
,,,,,,,1,Nadelholz,...,...,...,...,...,...,...
,,,,,,,2,Laubholz,...,...,...,...,...,...,...
,,,,,10,Öffentliche Wälder,0,Holzartengruppe - Total,...,...,...,...,...,...,...
,,,,,,,1,Nadelholz,...,...,...,...,...,...,...
,,,,,,,2,Laubholz,...,...,...,...,...,...,...
,,,,,23,Privatwälder,0,Holzartengruppe - Total,...,...,...,...,...,...,...
,,,,,,,1,Nadelholz,...,...,...,...,...,...,...
,,,,,,,2,Laubholz,...,...,...,...,...,...,...
,,,17,St. Gallen,0,Eigentümertyp - Total,0,Holzartengruppe - Total,65301,35909,3746,25560,9953,15607,86
,,,,,,,1,Nadelholz,40528,30463,1737,8242,1792,6450,86
,,,,,,,2,Laubholz,24773,5446,2009,17318,8161,9157,0
,,,,,10,Öffentliche Wälder,0,Holzartengruppe - Total,32398,18559,1223,12616,3159,9457,0
,,,,,,,1,Nadelholz,20381,15992,670,3719,149,3570,0
,,,,,,,2,Laubholz,12017,2567,553,8897,3010,5887,0
,,,,,23,Privatwälder,0,Holzartengruppe - Total,32903,17350,2523,12944,6794,6150,86
,,,,,,,1,Nadelholz,20147,14471,1067,4523,1643,2880,86
,,,,,,,2,Laubholz,12756,2879,1456,8421,5151,3270,0
,,,18,Graubünden / Grigioni / Grischun,0,Eigentümertyp - Total,0,Holzartengruppe - Total,...,...,...,...,...,...,...
,,,,,,,1,Nadelholz,...,...,...,...,...,...,...
,,,,,,,2,Laubholz,...,...,...,...,...,...,...
,,,,,10,Öffentliche Wälder,0,Holzartengruppe - Total,...,...,...,...,...,...,...
,,,,,,,1,Nadelholz,...,...,...,...,...,...,...
,,,,,,,2,Laubholz,...,...,...,...,...,...,...
,,,,,23,Privatwälder,0,Holzartengruppe - Total,...,...,...,...,...,...,...
,,,,,,,1,Nadelholz,...,...,...,...,...,...,...
,,,,,,,2,Laubholz,...,...,...,...,...,...,...
,,,19,Aargau,0,Eigentümertyp - Total,0,Holzartengruppe - Total,270915,111462,30138,129223,28233,100990,92
,,,,,,,1,Nadelholz,164853,92807,20609,51375,5541,45834,62
,,,,,,,2,Laubholz,106062,18655,9529,77848,22692,55156,30
,,,,,10,Öffentliche Wälder,0,Holzartengruppe - Total,220808,90397,25409,105002,17576,87426,0
,,,,,,,1,Nadelholz,131777,75055,16863,39859,1387,38472,0
,,,,,,,2,Laubholz,89031,15342,8546,65143,16189,48954,0
,,,,,23,Privatwälder,0,Holzartengruppe - Total,50107,21065,4729,24221,10657,13564,92
,,,,,,,1,Nadelholz,33076,17752,3746,11516,4154,7362,62
,,,,,,,2,Laubholz,17031,3313,983,12705,6503,6202,30
,,,20,Thurgau,0,Eigentümertyp - Total,0,Holzartengruppe - Total,149402,70834,7670,70770,21300,49470,128
,,,,,,,1,Nadelholz,104082,62378,7400,34258,4971,29287,46
,,,,,,,2,Laubholz,45320,8456,270,36512,16329,20183,82
,,,,,10,Öffentliche Wälder,0,Holzartengruppe - Total,64887,30404,2899,31503,8983,22520,81
,,,,,,,1,Nadelholz,40412,25362,2712,12334,888,11446,4
,,,,,,,2,Laubholz,24475,5042,187,19169,8095,11074,77
,,,,,23,Privatwälder,0,Holzartengruppe - Total,84515,40430,4771,39267,12317,26950,47
,,,,,,,1,Nadelholz,63670,37016,4688,21924,4083,17841,42
,,,,,,,2,Laubholz,20845,3414,83,17343,8234,9109,5
,,,21,Ticino,0,Eigentümertyp - Total,0,Holzartengruppe - Total,...,...,...,...,...,...,...
,,,,,,,1,Nadelholz,...,...,...,...,...,...,...
,,,,,,,2,Laubholz,...,...,...,...,...,...,...
,,,,,10,Öffentliche Wälder,0,Holzartengruppe - Total,...,...,...,...,...,...,...
,,,,,,,1,Nadelholz,...,...,...,...,...,...,...
,,,,,,,2,Laubholz,...,...,...,...,...,...,...
,,,,,23,Privatwälder,0,Holzartengruppe - Total,...,...,...,...,...,...,...
,,,,,,,1,Nadelholz,...,...,...,...,...,...,...
,,,,,,,2,Laubholz,...,...,...,...,...,...,...
,,,22,Vaud,0,Eigentümertyp - Total,0,Holzartengruppe - Total,177599,88166,17587,71584,62038,9546,262
,,,,,,,1,Nadelholz,105673,80022,15417,10156,7421,2735,78
,,,,,,,2,Laubholz,71926,8144,2170,61428,54617,6811,184
,,,,,10,Öffentliche Wälder,0,Holzartengruppe - Total,143184,74766,14079,54123,44577,9546,216
,,,,,,,1,Nadelholz,88215,67519,12324,8340,5605,2735,32
,,,,,,,2,Laubholz,54969,7247,1755,45783,38972,6811,184
,,,,,23,Privatwälder,0,Holzartengruppe - Total,34415,13400,3508,17461,17461,0,46
,,,,,,,1,Nadelholz,17458,12503,3093,1816,1816,0,46
,,,,,,,2,Laubholz,16957,897,415,15645,15645,0,0
,,,23,Valais / Wallis,0,Eigentümertyp - Total,0,Holzartengruppe - Total,...,...,...,...,...,...,...
,,,,,,,1,Nadelholz,...,...,...,...,...,...,...
,,,,,,,2,Laubholz,...,...,...,...,...,...,...
,,,,,10,Öffentliche Wälder,0,Holzartengruppe - Total,...,...,...,...,...,...,...
,,,,,,,1,Nadelholz,...,...,...,...,...,...,...
,,,,,,,2,Laubholz,...,...,...,...,...,...,...
,,,,,23,Privatwälder,0,Holzartengruppe - Total,...,...,...,...,...,...,...
,,,,,,,1,Nadelholz,...,...,...,...,...,...,...
,,,,,,,2,Laubholz,...,...,...,...,...,...,...
,,,24,Neuchâtel,0,Eigentümertyp - Total,0,Holzartengruppe - Total,...,...,...,...,...,...,...
,,,,,,,1,Nadelholz,...,...,...,...,...,...,...
,,,,,,,2,Laubholz,...,...,...,...,...,...,...
,,,,,10,Öffentliche Wälder,0,Holzartengruppe - Total,...,...,...,...,...,...,...
,,,,,,,1,Nadelholz,...,...,...,...,...,...,...
,,,,,,,2,Laubholz,...,...,...,...,...,...,...
,,,,,23,Privatwälder,0,Holzartengruppe - Total,...,...,...,...,...,...,...
,,,,,,,1,Nadelholz,...,...,...,...,...,...,...
,,,,,,,2,Laubholz,...,...,...,...,...,...,...
,,,25,Genève,0,Eigentümertyp - Total,0,Holzartengruppe - Total,7285,719,262,6282,1435,4847,22
,,,,,,,1,Nadelholz,587,307,258,0,0,0,22
,,,,,,,2,Laubholz,6698,412,4,6282,1435,4847,0
,,,,,10,Öffentliche Wälder,0,Holzartengruppe - Total,4763,557,255,3942,1215,2727,9
,,,,,,,1,Nadelholz,565,303,254,0,0,0,9
,,,,,,,2,Laubholz,4198,255,2,3942,1215,2727,0
,,,,,23,Privatwälder,0,Holzartengruppe - Total,2522,162,7,2340,220,2120,13
,,,,,,,1,Nadelholz,22,4,4,0,0,0,13
,,,,,,,2,Laubholz,2500,157,2,2340,220,2120,0
,,,26,Jura,0,Eigentümertyp - Total,0,Holzartengruppe - Total,...,...,...,...,...,...,...
,,,,,,,1,Nadelholz,...,...,...,...,...,...,...
,,,,,,,2,Laubholz,...,...,...,...,...,...,...
,,,,,10,Öffentliche Wälder,0,Holzartengruppe - Total,...,...,...,...,...,...,...
,,,,,,,1,Nadelholz,...,...,...,...,...,...,...
,,,,,,,2,Laubholz,...,...,...,...,...,...,...
,,,,,23,Privatwälder,0,Holzartengruppe - Total,...,...,...,...,...,...,...
,,,,,,,1,Nadelholz,...,...,...,...,...,...,...
,,,,,,,2,Laubholz,...,...,...,...,...,...,...
,3,Voralpen,1,Zürich,0,Eigentümertyp - Total,0,Holzartengruppe - Total,8184,3502,873,3809,863,2946,0
,,,,,,,1,Nadelholz,5136,3081,816,1239,34,1205,0
,,,,,,,2,Laubholz,3048,421,57,2570,829,1741,0
,,,,,10,Öffentliche Wälder,0,Holzartengruppe - Total,3446,1765,418,1263,443,820,0
,,,,,,,1,Nadelholz,2058,1488,381,189,0,189,0
,,,,,,,2,Laubholz,1388,277,37,1074,443,631,0
,,,,,23,Privatwälder,0,Holzartengruppe - Total,4738,1737,455,2546,420,2126,0
,,,,,,,1,Nadelholz,3078,1593,435,1050,34,1016,0
,,,,,,,2,Laubholz,1660,144,20,1496,386,1110,0
,,,2,Bern / Berne,0,Eigentümertyp - Total,0,Holzartengruppe - Total,290263,164894,25717,98862,40681,58181,790
,,,,,,,1,Nadelholz,249514,161192,21897,65635,24827,40808,790
,,,,,,,2,Laubholz,40749,3702,3820,33227,15854,17373,0
,,,,,10,Öffentliche Wälder,0,Holzartengruppe - Total,105947,64160,10388,31184,10424,20760,215
,,,,,,,1,Nadelholz,87866,62295,8756,16600,3378,13222,215
,,,,,,,2,Laubholz,18081,1865,1632,14584,7046,7538,0
,,,,,23,Privatwälder,0,Holzartengruppe - Total,184316,100734,15329,67678,30257,37421,575
,,,,,,,1,Nadelholz,161648,98897,13141,49035,21449,27586,575
,,,,,,,2,Laubholz,22668,1837,2188,18643,8808,9835,0
,,,3,Luzern,0,Eigentümertyp - Total,0,Holzartengruppe - Total,98570,52249,22998,23292,6776,16516,31
,,,,,,,1,Nadelholz,81508,49945,19025,12511,4127,8384,27
,,,,,,,2,Laubholz,17062,2304,3973,10781,2649,8132,4
,,,,,10,Öffentliche Wälder,0,Holzartengruppe - Total,34588,15804,7093,11683,3354,8329,8
,,,,,,,1,Nadelholz,27177,15043,6203,5926,2528,3398,5
,,,,,,,2,Laubholz,7411,761,890,5757,826,4931,3
,,,,,23,Privatwälder,0,Holzartengruppe - Total,63982,36445,15905,11609,3422,8187,23
,,,,,,,1,Nadelholz,54331,34902,12822,6585,1599,4986,22
,,,,,,,2,Laubholz,9651,1543,3083,5024,1823,3201,1
,,,4,Uri,0,Eigentümertyp - Total,0,Holzartengruppe - Total,...,...,...,...,...,...,...
,,,,,,,1,Nadelholz,...,...,...,...,...,...,...
,,,,,,,2,Laubholz,...,...,...,...,...,...,...
,,,,,10,Öffentliche Wälder,0,Holzartengruppe - Total,...,...,...,...,...,...,...
,,,,,,,1,Nadelholz,...,...,...,...,...,...,...
,,,,,,,2,Laubholz,...,...,...,...,...,...,...
,,,,,23,Privatwälder,0,Holzartengruppe - Total,...,...,...,...,...,...,...
,,,,,,,1,Nadelholz,...,...,...,...,...,...,...
,,,,,,,2,Laubholz,...,...,...,...,...,...,...
,,,5,Schwyz,0,Eigentümertyp - Total,0,Holzartengruppe - Total,88488,46137,8602,33406,11208,22198,343
,,,,,,,1,Nadelholz,72312,44724,6665,20611,3520,17091,312
,,,,,,,2,Laubholz,16176,1413,1937,12795,7688,5107,31
,,,,,10,Öffentliche Wälder,0,Holzartengruppe - Total,61559,33527,5439,22519,5118,17401,74
,,,,,,,1,Nadelholz,53872,32840,4747,16212,1749,14463,73
,,,,,,,2,Laubholz,7687,686,692,6307,3369,2938,1
,,,,,23,Privatwälder,0,Holzartengruppe - Total,26929,12610,3163,10887,6090,4797,269
,,,,,,,1,Nadelholz,18440,11884,1918,4399,1771,2628,239
,,,,,,,2,Laubholz,8489,727,1245,6488,4319,2169,30
,,,6,Obwalden,0,Eigentümertyp - Total,0,Holzartengruppe - Total,61772,24458,7240,30074,4673,25401,0
,,,,,,,1,Nadelholz,42602,21462,5280,15860,999,14861,0
,,,,,,,2,Laubholz,19170,2996,1960,14214,3674,10540,0
,,,,,10,Öffentliche Wälder,0,Holzartengruppe - Total,59515,24033,6828,28654,3326,25328,0
,,,,,,,1,Nadelholz,41735,21157,5239,15339,478,14861,0
,,,,,,,2,Laubholz,17780,2876,1589,13315,2848,10467,0
,,,,,23,Privatwälder,0,Holzartengruppe - Total,2257,425,412,1420,1347,73,0
,,,,,,,1,Nadelholz,867,305,41,521,521,0,0
,,,,,,,2,Laubholz,1390,120,371,899,826,73,0
,,,7,Nidwalden,0,Eigentümertyp - Total,0,Holzartengruppe - Total,23820,5585,1162,17053,4557,12496,20
,,,,,,,1,Nadelholz,11134,5274,1078,4782,806,3976,0
,,,,,,,2,Laubholz,12686,311,84,12271,3751,8520,20
,,,,,10,Öffentliche Wälder,0,Holzartengruppe - Total,13991,3195,665,10111,1463,8648,20
,,,,,,,1,Nadelholz,6010,3057,581,2372,70,2302,0
,,,,,,,2,Laubholz,7981,138,84,7739,1393,6346,20
,,,,,23,Privatwälder,0,Holzartengruppe - Total,9829,2390,497,6942,3094,3848,0
,,,,,,,1,Nadelholz,5124,2217,497,2410,736,1674,0
,,,,,,,2,Laubholz,4705,173,0,4532,2358,2174,0
,,,8,Glarus,0,Eigentümertyp - Total,0,Holzartengruppe - Total,...,...,...,...,...,...,...
,,,,,,,1,Nadelholz,...,...,...,...,...,...,...
,,,,,,,2,Laubholz,...,...,...,...,...,...,...
,,,,,10,Öffentliche Wälder,0,Holzartengruppe - Total,...,...,...,...,...,...,...
,,,,,,,1,Nadelholz,...,...,...,...,...,...,...
,,,,,,,2,Laubholz,...,...,...,...,...,...,...
,,,,,23,Privatwälder,0,Holzartengruppe - Total,...,...,...,...,...,...,...
,,,,,,,1,Nadelholz,...,...,...,...,...,...,...
,,,,,,,2,Laubholz,...,...,...,...,...,...,...
,,,9,Zug,0,Eigentümertyp - Total,0,Holzartengruppe - Total,39521,18364,2791,18366,2770,15596,0
,,,,,,,1,Nadelholz,26266,17021,2676,6569,657,5912,0
,,,,,,,2,Laubholz,13255,1343,115,11797,2113,9684,0
,,,,,10,Öffentliche Wälder,0,Holzartengruppe - Total,29724,13926,2649,13149,1788,11361,0
,,,,,,,1,Nadelholz,19644,12922,2584,4138,308,3830,0
,,,,,,,2,Laubholz,10080,1004,65,9011,1480,7531,0
,,,,,23,Privatwälder,0,Holzartengruppe - Total,9797,4438,142,5217,982,4235,0
,,,,,,,1,Nadelholz,6622,4099,92,2431,349,2082,0
,,,,,,,2,Laubholz,3175,339,50,2786,633,2153,0
,,,10,Fribourg / Freiburg,0,Eigentümertyp - Total,0,Holzartengruppe - Total,129199,76057,7737,45280,12132,33148,125
,,,,,,,1,Nadelholz,107401,75836,7691,23749,2386,21363,125
,,,,,,,2,Laubholz,21798,221,46,21531,9746,11785,0
,,,,,10,Öffentliche Wälder,0,Holzartengruppe - Total,100203,58971,6372,34805,9021,25784,54
,,,,,,,1,Nadelholz,83890,58862,6326,18648,1339,17309,54
,,,,,,,2,Laubholz,16313,109,46,16158,7682,8476,0
,,,,,23,Privatwälder,0,Holzartengruppe - Total,28996,17086,1365,10475,3111,7364,71
,,,,,,,1,Nadelholz,23511,16974,1365,5101,1047,4054,71
,,,,,,,2,Laubholz,5485,112,0,5373,2064,3309,0
,,,11,Solothurn,0,Eigentümertyp - Total,0,Holzartengruppe - Total,...,...,...,...,...,...,...
,,,,,,,1,Nadelholz,...,...,...,...,...,...,...
,,,,,,,2,Laubholz,...,...,...,...,...,...,...
,,,,,10,Öffentliche Wälder,0,Holzartengruppe - Total,...,...,...,...,...,...,...
,,,,,,,1,Nadelholz,...,...,...,...,...,...,...
,,,,,,,2,Laubholz,...,...,...,...,...,...,...
,,,,,23,Privatwälder,0,Holzartengruppe - Total,...,...,...,...,...,...,...
,,,,,,,1,Nadelholz,...,...,...,...,...,...,...
,,,,,,,2,Laubholz,...,...,...,...,...,...,...
,,,12,Basel-Stadt,0,Eigentümertyp - Total,0,Holzartengruppe - Total,...,...,...,...,...,...,...
,,,,,,,1,Nadelholz,...,...,...,...,...,...,...
,,,,,,,2,Laubholz,...,...,...,...,...,...,...
,,,,,10,Öffentliche Wälder,0,Holzartengruppe - Total,...,...,...,...,...,...,...
,,,,,,,1,Nadelholz,...,...,...,...,...,...,...
,,,,,,,2,Laubholz,...,...,...,...,...,...,...
,,,,,23,Privatwälder,0,Holzartengruppe - Total,...,...,...,...,...,...,...
,,,,,,,1,Nadelholz,...,...,...,...,...,...,...
,,,,,,,2,Laubholz,...,...,...,...,...,...,...
,,,13,Basel-Landschaft,0,Eigentümertyp - Total,0,Holzartengruppe - Total,...,...,...,...,...,...,...
,,,,,,,1,Nadelholz,...,...,...,...,...,...,...
,,,,,,,2,Laubholz,...,...,...,...,...,...,...
,,,,,10,Öffentliche Wälder,0,Holzartengruppe - Total,...,...,...,...,...,...,...
,,,,,,,1,Nadelholz,...,...,...,...,...,...,...
,,,,,,,2,Laubholz,...,...,...,...,...,...,...
,,,,,23,Privatwälder,0,Holzartengruppe - Total,...,...,...,...,...,...,...
,,,,,,,1,Nadelholz,...,...,...,...,...,...,...
,,,,,,,2,Laubholz,...,...,...,...,...,...,...
,,,14,Schaffhausen,0,Eigentümertyp - Total,0,Holzartengruppe - Total,...,...,...,...,...,...,...
,,,,,,,1,Nadelholz,...,...,...,...,...,...,...
,,,,,,,2,Laubholz,...,...,...,...,...,...,...
,,,,,10,Öffentliche Wälder,0,Holzartengruppe - Total,...,...,...,...,...,...,...
,,,,,,,1,Nadelholz,...,...,...,...,...,...,...
,,,,,,,2,Laubholz,...,...,...,...,...,...,...
,,,,,23,Privatwälder,0,Holzartengruppe - Total,...,...,...,...,...,...,...
,,,,,,,1,Nadelholz,...,...,...,...,...,...,...
,,,,,,,2,Laubholz,...,...,...,...,...,...,...
,,,15,Appenzell Ausserrhoden,0,Eigentümertyp - Total,0,Holzartengruppe - Total,52346,32340,1828,18121,3488,14633,57
,,,,,,,1,Nadelholz,45519,31738,1372,12379,1503,10876,30
,,,,,,,2,Laubholz,6827,602,456,5742,1985,3757,27
,,,,,10,Öffentliche Wälder,0,Holzartengruppe - Total,10849,7211,471,3160,705,2455,7
,,,,,,,1,Nadelholz,9645,7094,465,2081,150,1931,5
,,,,,,,2,Laubholz,1204,117,6,1079,555,524,2
,,,,,23,Privatwälder,0,Holzartengruppe - Total,41497,25129,1357,14961,2783,12178,50
,,,,,,,1,Nadelholz,35874,24644,907,10298,1353,8945,25
,,,,,,,2,Laubholz,5623,485,450,4663,1430,3233,25
,,,16,Appenzell Innerrhoden,0,Eigentümertyp - Total,0,Holzartengruppe - Total,26936,22268,138,4530,3087,1443,0
,,,,,,,1,Nadelholz,26671,22128,138,4405,2962,1443,0
,,,,,,,2,Laubholz,265,140,0,125,125,0,0
,,,,,10,Öffentliche Wälder,0,Holzartengruppe - Total,10044,7820,0,2224,781,1443,0
,,,,,,,1,Nadelholz,10022,7811,0,2211,768,1443,0
,,,,,,,2,Laubholz,22,9,0,13,13,0,0
,,,,,23,Privatwälder,0,Holzartengruppe - Total,16892,14448,138,2306,2306,0,0
,,,,,,,1,Nadelholz,16649,14317,138,2194,2194,0,0
,,,,,,,2,Laubholz,243,131,0,112,112,0,0
,,,17,St. Gallen,0,Eigentümertyp - Total,0,Holzartengruppe - Total,159164,80581,8800,69636,29831,39805,147
,,,,,,,1,Nadelholz,99802,71512,4063,24134,6996,17138,93
,,,,,,,2,Laubholz,59362,9069,4737,45502,22835,22667,54
,,,,,10,Öffentliche Wälder,0,Holzartengruppe - Total,80545,41849,2350,36303,10219,26084,43
,,,,,,,1,Nadelholz,52356,38274,1361,12682,1408,11274,39
,,,,,,,2,Laubholz,28189,3575,989,23621,8811,14810,4
,,,,,23,Privatwälder,0,Holzartengruppe - Total,78619,38732,6450,33333,19612,13721,104
,,,,,,,1,Nadelholz,47446,33238,2702,11452,5588,5864,54
,,,,,,,2,Laubholz,31173,5494,3748,21881,14024,7857,50
,,,18,Graubünden / Grigioni / Grischun,0,Eigentümertyp - Total,0,Holzartengruppe - Total,...,...,...,...,...,...,...
,,,,,,,1,Nadelholz,...,...,...,...,...,...,...
,,,,,,,2,Laubholz,...,...,...,...,...,...,...
,,,,,10,Öffentliche Wälder,0,Holzartengruppe - Total,...,...,...,...,...,...,...
,,,,,,,1,Nadelholz,...,...,...,...,...,...,...
,,,,,,,2,Laubholz,...,...,...,...,...,...,...
,,,,,23,Privatwälder,0,Holzartengruppe - Total,...,...,...,...,...,...,...
,,,,,,,1,Nadelholz,...,...,...,...,...,...,...
,,,,,,,2,Laubholz,...,...,...,...,...,...,...
,,,19,Aargau,0,Eigentümertyp - Total,0,Holzartengruppe - Total,...,...,...,...,...,...,...
,,,,,,,1,Nadelholz,...,...,...,...,...,...,...
,,,,,,,2,Laubholz,...,...,...,...,...,...,...
,,,,,10,Öffentliche Wälder,0,Holzartengruppe - Total,...,...,...,...,...,...,...
,,,,,,,1,Nadelholz,...,...,...,...,...,...,...
,,,,,,,2,Laubholz,...,...,...,...,...,...,...
,,,,,23,Privatwälder,0,Holzartengruppe - Total,...,...,...,...,...,...,...
,,,,,,,1,Nadelholz,...,...,...,...,...,...,...
,,,,,,,2,Laubholz,...,...,...,...,...,...,...
,,,20,Thurgau,0,Eigentümertyp - Total,0,Holzartengruppe - Total,...,...,...,...,...,...,...
,,,,,,,1,Nadelholz,...,...,...,...,...,...,...
,,,,,,,2,Laubholz,...,...,...,...,...,...,...
,,,,,10,Öffentliche Wälder,0,Holzartengruppe - Total,...,...,...,...,...,...,...
,,,,,,,1,Nadelholz,...,...,...,...,...,...,...
,,,,,,,2,Laubholz,...,...,...,...,...,...,...
,,,,,23,Privatwälder,0,Holzartengruppe - Total,...,...,...,...,...,...,...
,,,,,,,1,Nadelholz,...,...,...,...,...,...,...
,,,,,,,2,Laubholz,...,...,...,...,...,...,...
,,,21,Ticino,0,Eigentümertyp - Total,0,Holzartengruppe - Total,...,...,...,...,...,...,...
,,,,,,,1,Nadelholz,...,...,...,...,...,...,...
,,,,,,,2,Laubholz,...,...,...,...,...,...,...
,,,,,10,Öffentliche Wälder,0,Holzartengruppe - Total,...,...,...,...,...,...,...
,,,,,,,1,Nadelholz,...,...,...,...,...,...,...
,,,,,,,2,Laubholz,...,...,...,...,...,...,...
,,,,,23,Privatwälder,0,Holzartengruppe - Total,...,...,...,...,...,...,...
,,,,,,,1,Nadelholz,...,...,...,...,...,...,...
,,,,,,,2,Laubholz,...,...,...,...,...,...,...
,,,22,Vaud,0,Eigentümertyp - Total,0,Holzartengruppe - Total,23870,12251,372,11247,6956,4291,0
,,,,,,,1,Nadelholz,19431,12183,229,7019,4396,2623,0
,,,,,,,2,Laubholz,4439,68,143,4228,2560,1668,0
,,,,,10,Öffentliche Wälder,0,Holzartengruppe - Total,17171,7725,372,9074,5216,3858,0
,,,,,,,1,Nadelholz,13057,7719,229,5109,2919,2190,0
,,,,,,,2,Laubholz,4114,6,143,3965,2297,1668,0
,,,,,23,Privatwälder,0,Holzartengruppe - Total,6699,4526,0,2173,1740,433,0
,,,,,,,1,Nadelholz,6374,4464,0,1910,1477,433,0
,,,,,,,2,Laubholz,325,62,0,263,263,0,0
,,,23,Valais / Wallis,0,Eigentümertyp - Total,0,Holzartengruppe - Total,...,...,...,...,...,...,...
,,,,,,,1,Nadelholz,...,...,...,...,...,...,...
,,,,,,,2,Laubholz,...,...,...,...,...,...,...
,,,,,10,Öffentliche Wälder,0,Holzartengruppe - Total,...,...,...,...,...,...,...
,,,,,,,1,Nadelholz,...,...,...,...,...,...,...
,,,,,,,2,Laubholz,...,...,...,...,...,...,...
,,,,,23,Privatwälder,0,Holzartengruppe - Total,...,...,...,...,...,...,...
,,,,,,,1,Nadelholz,...,...,...,...,...,...,...
,,,,,,,2,Laubholz,...,...,...,...,...,...,...
,,,24,Neuchâtel,0,Eigentümertyp - Total,0,Holzartengruppe - Total,...,...,...,...,...,...,...
,,,,,,,1,Nadelholz,...,...,...,...,...,...,...
,,,,,,,2,Laubholz,...,...,...,...,...,...,...
,,,,,10,Öffentliche Wälder,0,Holzartengruppe - Total,...,...,...,...,...,...,...
,,,,,,,1,Nadelholz,...,...,...,...,...,...,...
,,,,,,,2,Laubholz,...,...,...,...,...,...,...
,,,,,23,Privatwälder,0,Holzartengruppe - Total,...,...,...,...,...,...,...
,,,,,,,1,Nadelholz,...,...,...,...,...,...,...
,,,,,,,2,Laubholz,...,...,...,...,...,...,...
,,,25,Genève,0,Eigentümertyp - Total,0,Holzartengruppe - Total,...,...,...,...,...,...,...
,,,,,,,1,Nadelholz,...,...,...,...,...,...,...
,,,,,,,2,Laubholz,...,...,...,...,...,...,...
,,,,,10,Öffentliche Wälder,0,Holzartengruppe - Total,...,...,...,...,...,...,...
,,,,,,,1,Nadelholz,...,...,...,...,...,...,...
,,,,,,,2,Laubholz,...,...,...,...,...,...,...
,,,,,23,Privatwälder,0,Holzartengruppe - Total,...,...,...,...,...,...,...
,,,,,,,1,Nadelholz,...,...,...,...,...,...,...
,,,,,,,2,Laubholz,...,...,...,...,...,...,...
,,,26,Jura,0,Eigentümertyp - Total,0,Holzartengruppe - Total,...,...,...,...,...,...,...
,,,,,,,1,Nadelholz,...,...,...,...,...,...,...
,,,,,,,2,Laubholz,...,...,...,...,...,...,...
,,,,,10,Öffentliche Wälder,0,Holzartengruppe - Total,...,...,...,...,...,...,...
,,,,,,,1,Nadelholz,...,...,...,...,...,...,...
,,,,,,,2,Laubholz,...,...,...,...,...,...,...
,,,,,23,Privatwälder,0,Holzartengruppe - Total,...,...,...,...,...,...,...
,,,,,,,1,Nadelholz,...,...,...,...,...,...,...
,,,,,,,2,Laubholz,...,...,...,...,...,...,...
,4,Alpen,1,Zürich,0,Eigentümertyp - Total,0,Holzartengruppe - Total,...,...,...,...,...,...,...
,,,,,,,1,Nadelholz,...,...,...,...,...,...,...
,,,,,,,2,Laubholz,...,...,...,...,...,...,...
,,,,,10,Öffentliche Wälder,0,Holzartengruppe - Total,...,...,...,...,...,...,...
,,,,,,,1,Nadelholz,...,...,...,...,...,...,...
,,,,,,,2,Laubholz,...,...,...,...,...,...,...
,,,,,23,Privatwälder,0,Holzartengruppe - Total,...,...,...,...,...,...,...
,,,,,,,1,Nadelholz,...,...,...,...,...,...,...
,,,,,,,2,Laubholz,...,...,...,...,...,...,...
,,,2,Bern / Berne,0,Eigentümertyp - Total,0,Holzartengruppe - Total,59445,27744,4828,26846,10376,16470,27
,,,,,,,1,Nadelholz,45944,27186,2576,16155,5097,11058,27
,,,,,,,2,Laubholz,13501,558,2252,10691,5279,5412,0
,,,,,10,Öffentliche Wälder,0,Holzartengruppe - Total,29658,13374,3294,12963,3868,9095,27
,,,,,,,1,Nadelholz,21620,13024,1316,7253,1524,5729,27
,,,,,,,2,Laubholz,8038,350,1978,5710,2344,3366,0
,,,,,23,Privatwälder,0,Holzartengruppe - Total,29787,14370,1534,13883,6508,7375,0
,,,,,,,1,Nadelholz,24324,14162,1260,8902,3573,5329,0
,,,,,,,2,Laubholz,5463,208,274,4981,2935,2046,0
,,,3,Luzern,0,Eigentümertyp - Total,0,Holzartengruppe - Total,...,...,...,...,...,...,...
,,,,,,,1,Nadelholz,...,...,...,...,...,...,...
,,,,,,,2,Laubholz,...,...,...,...,...,...,...
,,,,,10,Öffentliche Wälder,0,Holzartengruppe - Total,...,...,...,...,...,...,...
,,,,,,,1,Nadelholz,...,...,...,...,...,...,...
,,,,,,,2,Laubholz,...,...,...,...,...,...,...
,,,,,23,Privatwälder,0,Holzartengruppe - Total,...,...,...,...,...,...,...
,,,,,,,1,Nadelholz,...,...,...,...,...,...,...
,,,,,,,2,Laubholz,...,...,...,...,...,...,...
,,,4,Uri,0,Eigentümertyp - Total,0,Holzartengruppe - Total,30531,10995,243,19290,6928,12362,3
,,,,,,,1,Nadelholz,24125,10921,240,12961,2698,10263,3
,,,,,,,2,Laubholz,6406,74,3,6329,4230,2099,0
,,,,,10,Öffentliche Wälder,0,Holzartengruppe - Total,26197,10060,243,15891,4018,11873,3
,,,,,,,1,Nadelholz,21759,10016,240,11500,1636,9864,3
,,,,,,,2,Laubholz,4438,44,3,4391,2382,2009,0
,,,,,23,Privatwälder,0,Holzartengruppe - Total,4334,935,0,3399,2910,489,0
,,,,,,,1,Nadelholz,2366,905,0,1461,1062,399,0
,,,,,,,2,Laubholz,1968,30,0,1938,1848,90,0
,,,5,Schwyz,0,Eigentümertyp - Total,0,Holzartengruppe - Total,4327,1416,252,2659,2139,520,0
,,,,,,,1,Nadelholz,2463,1267,252,944,591,353,0
,,,,,,,2,Laubholz,1864,149,0,1715,1548,167,0
,,,,,10,Öffentliche Wälder,0,Holzartengruppe - Total,1170,497,153,520,428,92,0
,,,,,,,1,Nadelholz,866,477,153,236,147,89,0
,,,,,,,2,Laubholz,304,20,0,284,281,3,0
,,,,,23,Privatwälder,0,Holzartengruppe - Total,3157,919,99,2139,1711,428,0
,,,,,,,1,Nadelholz,1597,790,99,708,444,264,0
,,,,,,,2,Laubholz,1560,129,0,1431,1267,164,0
,,,6,Obwalden,0,Eigentümertyp - Total,0,Holzartengruppe - Total,10617,2914,464,7201,5710,1491,38
,,,,,,,1,Nadelholz,3573,2914,448,173,173,0,38
,,,,,,,2,Laubholz,7044,0,16,7028,5537,1491,0
,,,,,10,Öffentliche Wälder,0,Holzartengruppe - Total,10479,2914,464,7101,5610,1491,0
,,,,,,,1,Nadelholz,3472,2914,448,110,110,0,0
,,,,,,,2,Laubholz,7007,0,16,6991,5500,1491,0
,,,,,23,Privatwälder,0,Holzartengruppe - Total,138,0,0,100,100,0,38
,,,,,,,1,Nadelholz,101,0,0,63,63,0,38
,,,,,,,2,Laubholz,37,0,0,37,37,0,0
,,,7,Nidwalden,0,Eigentümertyp - Total,0,Holzartengruppe - Total,...,...,...,...,...,...,...
,,,,,,,1,Nadelholz,...,...,...,...,...,...,...
,,,,,,,2,Laubholz,...,...,...,...,...,...,...
,,,,,10,Öffentliche Wälder,0,Holzartengruppe - Total,...,...,...,...,...,...,...
,,,,,,,1,Nadelholz,...,...,...,...,...,...,...
,,,,,,,2,Laubholz,...,...,...,...,...,...,...
,,,,,23,Privatwälder,0,Holzartengruppe - Total,...,...,...,...,...,...,...
,,,,,,,1,Nadelholz,...,...,...,...,...,...,...
,,,,,,,2,Laubholz,...,...,...,...,...,...,...
,,,8,Glarus,0,Eigentümertyp - Total,0,Holzartengruppe - Total,43360,17271,4194,21854,9373,12481,41
,,,,,,,1,Nadelholz,25618,17080,1662,6855,853,6002,21
,,,,,,,2,Laubholz,17742,191,2532,14999,8520,6479,20
,,,,,10,Öffentliche Wälder,0,Holzartengruppe - Total,38347,16244,3355,18724,7297,11427,24
,,,,,,,1,Nadelholz,24008,16068,1500,6419,678,5741,21
,,,,,,,2,Laubholz,14339,176,1855,12305,6619,5686,3
,,,,,23,Privatwälder,0,Holzartengruppe - Total,5013,1027,839,3130,2076,1054,17
,,,,,,,1,Nadelholz,1610,1012,162,436,175,261,0
,,,,,,,2,Laubholz,3403,15,677,2694,1901,793,17
,,,9,Zug,0,Eigentümertyp - Total,0,Holzartengruppe - Total,...,...,...,...,...,...,...
,,,,,,,1,Nadelholz,...,...,...,...,...,...,...
,,,,,,,2,Laubholz,...,...,...,...,...,...,...
,,,,,10,Öffentliche Wälder,0,Holzartengruppe - Total,...,...,...,...,...,...,...
,,,,,,,1,Nadelholz,...,...,...,...,...,...,...
,,,,,,,2,Laubholz,...,...,...,...,...,...,...
,,,,,23,Privatwälder,0,Holzartengruppe - Total,...,...,...,...,...,...,...
,,,,,,,1,Nadelholz,...,...,...,...,...,...,...
,,,,,,,2,Laubholz,...,...,...,...,...,...,...
,,,10,Fribourg / Freiburg,0,Eigentümertyp - Total,0,Holzartengruppe - Total,...,...,...,...,...,...,...
,,,,,,,1,Nadelholz,...,...,...,...,...,...,...
,,,,,,,2,Laubholz,...,...,...,...,...,...,...
,,,,,10,Öffentliche Wälder,0,Holzartengruppe - Total,...,...,...,...,...,...,...
,,,,,,,1,Nadelholz,...,...,...,...,...,...,...
,,,,,,,2,Laubholz,...,...,...,...,...,...,...
,,,,,23,Privatwälder,0,Holzartengruppe - Total,...,...,...,...,...,...,...
,,,,,,,1,Nadelholz,...,...,...,...,...,...,...
,,,,,,,2,Laubholz,...,...,...,...,...,...,...
,,,11,Solothurn,0,Eigentümertyp - Total,0,Holzartengruppe - Total,...,...,...,...,...,...,...
,,,,,,,1,Nadelholz,...,...,...,...,...,...,...
,,,,,,,2,Laubholz,...,...,...,...,...,...,...
,,,,,10,Öffentliche Wälder,0,Holzartengruppe - Total,...,...,...,...,...,...,...
,,,,,,,1,Nadelholz,...,...,...,...,...,...,...
,,,,,,,2,Laubholz,...,...,...,...,...,...,...
,,,,,23,Privatwälder,0,Holzartengruppe - Total,...,...,...,...,...,...,...
,,,,,,,1,Nadelholz,...,...,...,...,...,...,...
,,,,,,,2,Laubholz,...,...,...,...,...,...,...
,,,12,Basel-Stadt,0,Eigentümertyp - Total,0,Holzartengruppe - Total,...,...,...,...,...,...,...
,,,,,,,1,Nadelholz,...,...,...,...,...,...,...
,,,,,,,2,Laubholz,...,...,...,...,...,...,...
,,,,,10,Öffentliche Wälder,0,Holzartengruppe - Total,...,...,...,...,...,...,...
,,,,,,,1,Nadelholz,...,...,...,...,...,...,...
,,,,,,,2,Laubholz,...,...,...,...,...,...,...
,,,,,23,Privatwälder,0,Holzartengruppe - Total,...,...,...,...,...,...,...
,,,,,,,1,Nadelholz,...,...,...,...,...,...,...
,,,,,,,2,Laubholz,...,...,...,...,...,...,...
,,,13,Basel-Landschaft,0,Eigentümertyp - Total,0,Holzartengruppe - Total,...,...,...,...,...,...,...
,,,,,,,1,Nadelholz,...,...,...,...,...,...,...
,,,,,,,2,Laubholz,...,...,...,...,...,...,...
,,,,,10,Öffentliche Wälder,0,Holzartengruppe - Total,...,...,...,...,...,...,...
,,,,,,,1,Nadelholz,...,...,...,...,...,...,...
,,,,,,,2,Laubholz,...,...,...,...,...,...,...
,,,,,23,Privatwälder,0,Holzartengruppe - Total,...,...,...,...,...,...,...
,,,,,,,1,Nadelholz,...,...,...,...,...,...,...
,,,,,,,2,Laubholz,...,...,...,...,...,...,...
,,,14,Schaffhausen,0,Eigentümertyp - Total,0,Holzartengruppe - Total,...,...,...,...,...,...,...
,,,,,,,1,Nadelholz,...,...,...,...,...,...,...
,,,,,,,2,Laubholz,...,...,...,...,...,...,...
,,,,,10,Öffentliche Wälder,0,Holzartengruppe - Total,...,...,...,...,...,...,...
,,,,,,,1,Nadelholz,...,...,...,...,...,...,...
,,,,,,,2,Laubholz,...,...,...,...,...,...,...
,,,,,23,Privatwälder,0,Holzartengruppe - Total,...,...,...,...,...,...,...
,,,,,,,1,Nadelholz,...,...,...,...,...,...,...
,,,,,,,2,Laubholz,...,...,...,...,...,...,...
,,,15,Appenzell Ausserrhoden,0,Eigentümertyp - Total,0,Holzartengruppe - Total,...,...,...,...,...,...,...
,,,,,,,1,Nadelholz,...,...,...,...,...,...,...
,,,,,,,2,Laubholz,...,...,...,...,...,...,...
,,,,,10,Öffentliche Wälder,0,Holzartengruppe - Total,...,...,...,...,...,...,...
,,,,,,,1,Nadelholz,...,...,...,...,...,...,...
,,,,,,,2,Laubholz,...,...,...,...,...,...,...
,,,,,23,Privatwälder,0,Holzartengruppe - Total,...,...,...,...,...,...,...
,,,,,,,1,Nadelholz,...,...,...,...,...,...,...
,,,,,,,2,Laubholz,...,...,...,...,...,...,...
,,,16,Appenzell Innerrhoden,0,Eigentümertyp - Total,0,Holzartengruppe - Total,...,...,...,...,...,...,...
,,,,,,,1,Nadelholz,...,...,...,...,...,...,...
,,,,,,,2,Laubholz,...,...,...,...,...,...,...
,,,,,10,Öffentliche Wälder,0,Holzartengruppe - Total,...,...,...,...,...,...,...
,,,,,,,1,Nadelholz,...,...,...,...,...,...,...
,,,,,,,2,Laubholz,...,...,...,...,...,...,...
,,,,,23,Privatwälder,0,Holzartengruppe - Total,...,...,...,...,...,...,...
,,,,,,,1,Nadelholz,...,...,...,...,...,...,...
,,,,,,,2,Laubholz,...,...,...,...,...,...,...
,,,17,St. Gallen,0,Eigentümertyp - Total,0,Holzartengruppe - Total,38023,20029,3045,14942,5463,9479,7
,,,,,,,1,Nadelholz,27382,18327,1754,7294,1503,5791,7
,,,,,,,2,Laubholz,10641,1702,1291,7648,3960,3688,0
,,,,,10,Öffentliche Wälder,0,Holzartengruppe - Total,29128,15459,2059,11603,3375,8228,7
,,,,,,,1,Nadelholz,21907,14535,1477,5888,912,4976,7
,,,,,,,2,Laubholz,7221,924,582,5715,2463,3252,0
,,,,,23,Privatwälder,0,Holzartengruppe - Total,8895,4570,986,3339,2088,1251,0
,,,,,,,1,Nadelholz,5475,3792,277,1406,591,815,0
,,,,,,,2,Laubholz,3420,778,709,1933,1497,436,0
,,,18,Graubünden / Grigioni / Grischun,0,Eigentümertyp - Total,0,Holzartengruppe - Total,288967,172459,3656,112720,54712,58008,132
,,,,,,,1,Nadelholz,273563,172384,3537,97528,47195,50333,114
,,,,,,,2,Laubholz,15404,75,119,15192,7517,7675,18
,,,,,10,Öffentliche Wälder,0,Holzartengruppe - Total,258895,155936,1206,101624,47033,54591,129
,,,,,,,1,Nadelholz,247416,155930,1206,90166,42407,47759,114
,,,,,,,2,Laubholz,11479,6,0,11458,4626,6832,15
,,,,,23,Privatwälder,0,Holzartengruppe - Total,30072,16523,2450,11096,7679,3417,3
,,,,,,,1,Nadelholz,26147,16454,2331,7362,4788,2574,0
,,,,,,,2,Laubholz,3925,69,119,3734,2891,843,3
,,,19,Aargau,0,Eigentümertyp - Total,0,Holzartengruppe - Total,...,...,...,...,...,...,...
,,,,,,,1,Nadelholz,...,...,...,...,...,...,...
,,,,,,,2,Laubholz,...,...,...,...,...,...,...
,,,,,10,Öffentliche Wälder,0,Holzartengruppe - Total,...,...,...,...,...,...,...
,,,,,,,1,Nadelholz,...,...,...,...,...,...,...
,,,,,,,2,Laubholz,...,...,...,...,...,...,...
,,,,,23,Privatwälder,0,Holzartengruppe - Total,...,...,...,...,...,...,...
,,,,,,,1,Nadelholz,...,...,...,...,...,...,...
,,,,,,,2,Laubholz,...,...,...,...,...,...,...
,,,20,Thurgau,0,Eigentümertyp - Total,0,Holzartengruppe - Total,...,...,...,...,...,...,...
,,,,,,,1,Nadelholz,...,...,...,...,...,...,...
,,,,,,,2,Laubholz,...,...,...,...,...,...,...
,,,,,10,Öffentliche Wälder,0,Holzartengruppe - Total,...,...,...,...,...,...,...
,,,,,,,1,Nadelholz,...,...,...,...,...,...,...
,,,,,,,2,Laubholz,...,...,...,...,...,...,...
,,,,,23,Privatwälder,0,Holzartengruppe - Total,...,...,...,...,...,...,...
,,,,,,,1,Nadelholz,...,...,...,...,...,...,...
,,,,,,,2,Laubholz,...,...,...,...,...,...,...
,,,21,Ticino,0,Eigentümertyp - Total,0,Holzartengruppe - Total,...,...,...,...,...,...,...
,,,,,,,1,Nadelholz,...,...,...,...,...,...,...
,,,,,,,2,Laubholz,...,...,...,...,...,...,...
,,,,,10,Öffentliche Wälder,0,Holzartengruppe - Total,...,...,...,...,...,...,...
,,,,,,,1,Nadelholz,...,...,...,...,...,...,...
,,,,,,,2,Laubholz,...,...,...,...,...,...,...
,,,,,23,Privatwälder,0,Holzartengruppe - Total,...,...,...,...,...,...,...
,,,,,,,1,Nadelholz,...,...,...,...,...,...,...
,,,,,,,2,Laubholz,...,...,...,...,...,...,...
,,,22,Vaud,0,Eigentümertyp - Total,0,Holzartengruppe - Total,46298,21912,7650,16736,11006,5730,0
,,,,,,,1,Nadelholz,32366,20963,4691,6712,5221,1491,0
,,,,,,,2,Laubholz,13932,949,2959,10024,5785,4239,0
,,,,,10,Öffentliche Wälder,0,Holzartengruppe - Total,34452,17073,4686,12693,6963,5730,0
,,,,,,,1,Nadelholz,23932,16136,2663,5133,3642,1491,0
,,,,,,,2,Laubholz,10520,937,2023,7560,3321,4239,0
,,,,,23,Privatwälder,0,Holzartengruppe - Total,11846,4839,2964,4043,4043,0,0
,,,,,,,1,Nadelholz,8434,4827,2028,1579,1579,0,0
,,,,,,,2,Laubholz,3412,12,936,2464,2464,0,0
,,,23,Valais / Wallis,0,Eigentümertyp - Total,0,Holzartengruppe - Total,103554,41809,13607,48127,24463,23664,11
,,,,,,,1,Nadelholz,95442,41809,13465,40157,19386,20771,11
,,,,,,,2,Laubholz,8112,0,142,7970,5077,2893,0
,,,,,10,Öffentliche Wälder,0,Holzartengruppe - Total,99523,40694,13333,45485,22490,22995,11
,,,,,,,1,Nadelholz,92467,40694,13216,38546,18374,20172,11
,,,,,,,2,Laubholz,7056,0,117,6939,4116,2823,0
,,,,,23,Privatwälder,0,Holzartengruppe - Total,4031,1115,274,2642,1973,669,0
,,,,,,,1,Nadelholz,2975,1115,249,1611,1012,599,0
,,,,,,,2,Laubholz,1056,0,25,1031,961,70,0
,,,24,Neuchâtel,0,Eigentümertyp - Total,0,Holzartengruppe - Total,...,...,...,...,...,...,...
,,,,,,,1,Nadelholz,...,...,...,...,...,...,...
,,,,,,,2,Laubholz,...,...,...,...,...,...,...
,,,,,10,Öffentliche Wälder,0,Holzartengruppe - Total,...,...,...,...,...,...,...
,,,,,,,1,Nadelholz,...,...,...,...,...,...,...
,,,,,,,2,Laubholz,...,...,...,...,...,...,...
,,,,,23,Privatwälder,0,Holzartengruppe - Total,...,...,...,...,...,...,...
,,,,,,,1,Nadelholz,...,...,...,...,...,...,...
,,,,,,,2,Laubholz,...,...,...,...,...,...,...
,,,25,Genève,0,Eigentümertyp - Total,0,Holzartengruppe - Total,...,...,...,...,...,...,...
,,,,,,,1,Nadelholz,...,...,...,...,...,...,...
,,,,,,,2,Laubholz,...,...,...,...,...,...,...
,,,,,10,Öffentliche Wälder,0,Holzartengruppe - Total,...,...,...,...,...,...,...
,,,,,,,1,Nadelholz,...,...,...,...,...,...,...
,,,,,,,2,Laubholz,...,...,...,...,...,...,...
,,,,,23,Privatwälder,0,Holzartengruppe - Total,...,...,...,...,...,...,...
,,,,,,,1,Nadelholz,...,...,...,...,...,...,...
,,,,,,,2,Laubholz,...,...,...,...,...,...,...
,,,26,Jura,0,Eigentümertyp - Total,0,Holzartengruppe - Total,...,...,...,...,...,...,...
,,,,,,,1,Nadelholz,...,...,...,...,...,...,...
,,,,,,,2,Laubholz,...,...,...,...,...,...,...
,,,,,10,Öffentliche Wälder,0,Holzartengruppe - Total,...,...,...,...,...,...,...
,,,,,,,1,Nadelholz,...,...,...,...,...,...,...
,,,,,,,2,Laubholz,...,...,...,...,...,...,...
,,,,,23,Privatwälder,0,Holzartengruppe - Total,...,...,...,...,...,...,...
,,,,,,,1,Nadelholz,...,...,...,...,...,...,...
,,,,,,,2,Laubholz,...,...,...,...,...,...,...
,5,Alpen-Südseite,1,Zürich,0,Eigentümertyp - Total,0,Holzartengruppe - Total,...,...,...,...,...,...,...
,,,,,,,1,Nadelholz,...,...,...,...,...,...,...
,,,,,,,2,Laubholz,...,...,...,...,...,...,...
,,,,,10,Öffentliche Wälder,0,Holzartengruppe - Total,...,...,...,...,...,...,...
,,,,,,,1,Nadelholz,...,...,...,...,...,...,...
,,,,,,,2,Laubholz,...,...,...,...,...,...,...
,,,,,23,Privatwälder,0,Holzartengruppe - Total,...,...,...,...,...,...,...
,,,,,,,1,Nadelholz,...,...,...,...,...,...,...
,,,,,,,2,Laubholz,...,...,...,...,...,...,...
,,,2,Bern / Berne,0,Eigentümertyp - Total,0,Holzartengruppe - Total,...,...,...,...,...,...,...
,,,,,,,1,Nadelholz,...,...,...,...,...,...,...
,,,,,,,2,Laubholz,...,...,...,...,...,...,...
,,,,,10,Öffentliche Wälder,0,Holzartengruppe - Total,...,...,...,...,...,...,...
,,,,,,,1,Nadelholz,...,...,...,...,...,...,...
,,,,,,,2,Laubholz,...,...,...,...,...,...,...
,,,,,23,Privatwälder,0,Holzartengruppe - Total,...,...,...,...,...,...,...
,,,,,,,1,Nadelholz,...,...,...,...,...,...,...
,,,,,,,2,Laubholz,...,...,...,...,...,...,...
,,,3,Luzern,0,Eigentümertyp - Total,0,Holzartengruppe - Total,...,...,...,...,...,...,...
,,,,,,,1,Nadelholz,...,...,...,...,...,...,...
,,,,,,,2,Laubholz,...,...,...,...,...,...,...
,,,,,10,Öffentliche Wälder,0,Holzartengruppe - Total,...,...,...,...,...,...,...
,,,,,,,1,Nadelholz,...,...,...,...,...,...,...
,,,,,,,2,Laubholz,...,...,...,...,...,...,...
,,,,,23,Privatwälder,0,Holzartengruppe - Total,...,...,...,...,...,...,...
,,,,,,,1,Nadelholz,...,...,...,...,...,...,...
,,,,,,,2,Laubholz,...,...,...,...,...,...,...
,,,4,Uri,0,Eigentümertyp - Total,0,Holzartengruppe - Total,...,...,...,...,...,...,...
,,,,,,,1,Nadelholz,...,...,...,...,...,...,...
,,,,,,,2,Laubholz,...,...,...,...,...,...,...
,,,,,10,Öffentliche Wälder,0,Holzartengruppe - Total,...,...,...,...,...,...,...
,,,,,,,1,Nadelholz,...,...,...,...,...,...,...
,,,,,,,2,Laubholz,...,...,...,...,...,...,...
,,,,,23,Privatwälder,0,Holzartengruppe - Total,...,...,...,...,...,...,...
,,,,,,,1,Nadelholz,...,...,...,...,...,...,...
,,,,,,,2,Laubholz,...,...,...,...,...,...,...
,,,5,Schwyz,0,Eigentümertyp - Total,0,Holzartengruppe - Total,...,...,...,...,...,...,...
,,,,,,,1,Nadelholz,...,...,...,...,...,...,...
,,,,,,,2,Laubholz,...,...,...,...,...,...,...
,,,,,10,Öffentliche Wälder,0,Holzartengruppe - Total,...,...,...,...,...,...,...
,,,,,,,1,Nadelholz,...,...,...,...,...,...,...
,,,,,,,2,Laubholz,...,...,...,...,...,...,...
,,,,,23,Privatwälder,0,Holzartengruppe - Total,...,...,...,...,...,...,...
,,,,,,,1,Nadelholz,...,...,...,...,...,...,...
,,,,,,,2,Laubholz,...,...,...,...,...,...,...
,,,6,Obwalden,0,Eigentümertyp - Total,0,Holzartengruppe - Total,...,...,...,...,...,...,...
,,,,,,,1,Nadelholz,...,...,...,...,...,...,...
,,,,,,,2,Laubholz,...,...,...,...,...,...,...
,,,,,10,Öffentliche Wälder,0,Holzartengruppe - Total,...,...,...,...,...,...,...
,,,,,,,1,Nadelholz,...,...,...,...,...,...,...
,,,,,,,2,Laubholz,...,...,...,...,...,...,...
,,,,,23,Privatwälder,0,Holzartengruppe - Total,...,...,...,...,...,...,...
,,,,,,,1,Nadelholz,...,...,...,...,...,...,...
,,,,,,,2,Laubholz,...,...,...,...,...,...,...
,,,7,Nidwalden,0,Eigentümertyp - Total,0,Holzartengruppe - Total,...,...,...,...,...,...,...
,,,,,,,1,Nadelholz,...,...,...,...,...,...,...
,,,,,,,2,Laubholz,...,...,...,...,...,...,...
,,,,,10,Öffentliche Wälder,0,Holzartengruppe - Total,...,...,...,...,...,...,...
,,,,,,,1,Nadelholz,...,...,...,...,...,...,...
,,,,,,,2,Laubholz,...,...,...,...,...,...,...
,,,,,23,Privatwälder,0,Holzartengruppe - Total,...,...,...,...,...,...,...
,,,,,,,1,Nadelholz,...,...,...,...,...,...,...
,,,,,,,2,Laubholz,...,...,...,...,...,...,...
,,,8,Glarus,0,Eigentümertyp - Total,0,Holzartengruppe - Total,...,...,...,...,...,...,...
,,,,,,,1,Nadelholz,...,...,...,...,...,...,...
,,,,,,,2,Laubholz,...,...,...,...,...,...,...
,,,,,10,Öffentliche Wälder,0,Holzartengruppe - Total,...,...,...,...,...,...,...
,,,,,,,1,Nadelholz,...,...,...,...,...,...,...
,,,,,,,2,Laubholz,...,...,...,...,...,...,...
,,,,,23,Privatwälder,0,Holzartengruppe - Total,...,...,...,...,...,...,...
,,,,,,,1,Nadelholz,...,...,...,...,...,...,...
,,,,,,,2,Laubholz,...,...,...,...,...,...,...
,,,9,Zug,0,Eigentümertyp - Total,0,Holzartengruppe - Total,...,...,...,...,...,...,...
,,,,,,,1,Nadelholz,...,...,...,...,...,...,...
,,,,,,,2,Laubholz,...,...,...,...,...,...,...
,,,,,10,Öffentliche Wälder,0,Holzartengruppe - Total,...,...,...,...,...,...,...
,,,,,,,1,Nadelholz,...,...,...,...,...,...,...
,,,,,,,2,Laubholz,...,...,...,...,...,...,...
,,,,,23,Privatwälder,0,Holzartengruppe - Total,...,...,...,...,...,...,...
,,,,,,,1,Nadelholz,...,...,...,...,...,...,...
,,,,,,,2,Laubholz,...,...,...,...,...,...,...
,,,10,Fribourg / Freiburg,0,Eigentümertyp - Total,0,Holzartengruppe - Total,...,...,...,...,...,...,...
,,,,,,,1,Nadelholz,...,...,...,...,...,...,...
,,,,,,,2,Laubholz,...,...,...,...,...,...,...
,,,,,10,Öffentliche Wälder,0,Holzartengruppe - Total,...,...,...,...,...,...,...
,,,,,,,1,Nadelholz,...,...,...,...,...,...,...
,,,,,,,2,Laubholz,...,...,...,...,...,...,...
,,,,,23,Privatwälder,0,Holzartengruppe - Total,...,...,...,...,...,...,...
,,,,,,,1,Nadelholz,...,...,...,...,...,...,...
,,,,,,,2,Laubholz,...,...,...,...,...,...,...
,,,11,Solothurn,0,Eigentümertyp - Total,0,Holzartengruppe - Total,...,...,...,...,...,...,...
,,,,,,,1,Nadelholz,...,...,...,...,...,...,...
,,,,,,,2,Laubholz,...,...,...,...,...,...,...
,,,,,10,Öffentliche Wälder,0,Holzartengruppe - Total,...,...,...,...,...,...,...
,,,,,,,1,Nadelholz,...,...,...,...,...,...,...
,,,,,,,2,Laubholz,...,...,...,...,...,...,...
,,,,,23,Privatwälder,0,Holzartengruppe - Total,...,...,...,...,...,...,...
,,,,,,,1,Nadelholz,...,...,...,...,...,...,...
,,,,,,,2,Laubholz,...,...,...,...,...,...,...
,,,12,Basel-Stadt,0,Eigentümertyp - Total,0,Holzartengruppe - Total,...,...,...,...,...,...,...
,,,,,,,1,Nadelholz,...,...,...,...,...,...,...
,,,,,,,2,Laubholz,...,...,...,...,...,...,...
,,,,,10,Öffentliche Wälder,0,Holzartengruppe - Total,...,...,...,...,...,...,...
,,,,,,,1,Nadelholz,...,...,...,...,...,...,...
,,,,,,,2,Laubholz,...,...,...,...,...,...,...
,,,,,23,Privatwälder,0,Holzartengruppe - Total,...,...,...,...,...,...,...
,,,,,,,1,Nadelholz,...,...,...,...,...,...,...
,,,,,,,2,Laubholz,...,...,...,...,...,...,...
,,,13,Basel-Landschaft,0,Eigentümertyp - Total,0,Holzartengruppe - Total,...,...,...,...,...,...,...
,,,,,,,1,Nadelholz,...,...,...,...,...,...,...
,,,,,,,2,Laubholz,...,...,...,...,...,...,...
,,,,,10,Öffentliche Wälder,0,Holzartengruppe - Total,...,...,...,...,...,...,...
,,,,,,,1,Nadelholz,...,...,...,...,...,...,...
,,,,,,,2,Laubholz,...,...,...,...,...,...,...
,,,,,23,Privatwälder,0,Holzartengruppe - Total,...,...,...,...,...,...,...
,,,,,,,1,Nadelholz,...,...,...,...,...,...,...
,,,,,,,2,Laubholz,...,...,...,...,...,...,...
,,,14,Schaffhausen,0,Eigentümertyp - Total,0,Holzartengruppe - Total,...,...,...,...,...,...,...
,,,,,,,1,Nadelholz,...,...,...,...,...,...,...
,,,,,,,2,Laubholz,...,...,...,...,...,...,...
,,,,,10,Öffentliche Wälder,0,Holzartengruppe - Total,...,...,...,...,...,...,...
,,,,,,,1,Nadelholz,...,...,...,...,...,...,...
,,,,,,,2,Laubholz,...,...,...,...,...,...,...
,,,,,23,Privatwälder,0,Holzartengruppe - Total,...,...,...,...,...,...,...
,,,,,,,1,Nadelholz,...,...,...,...,...,...,...
,,,,,,,2,Laubholz,...,...,...,...,...,...,...
,,,15,Appenzell Ausserrhoden,0,Eigentümertyp - Total,0,Holzartengruppe - Total,...,...,...,...,...,...,...
,,,,,,,1,Nadelholz,...,...,...,...,...,...,...
,,,,,,,2,Laubholz,...,...,...,...,...,...,...
,,,,,10,Öffentliche Wälder,0,Holzartengruppe - Total,...,...,...,...,...,...,...
,,,,,,,1,Nadelholz,...,...,...,...,...,...,...
,,,,,,,2,Laubholz,...,...,...,...,...,...,...
,,,,,23,Privatwälder,0,Holzartengruppe - Total,...,...,...,...,...,...,...
,,,,,,,1,Nadelholz,...,...,...,...,...,...,...
,,,,,,,2,Laubholz,...,...,...,...,...,...,...
,,,16,Appenzell Innerrhoden,0,Eigentümertyp - Total,0,Holzartengruppe - Total,...,...,...,...,...,...,...
,,,,,,,1,Nadelholz,...,...,...,...,...,...,...
,,,,,,,2,Laubholz,...,...,...,...,...,...,...
,,,,,10,Öffentliche Wälder,0,Holzartengruppe - Total,...,...,...,...,...,...,...
,,,,,,,1,Nadelholz,...,...,...,...,...,...,...
,,,,,,,2,Laubholz,...,...,...,...,...,...,...
,,,,,23,Privatwälder,0,Holzartengruppe - Total,...,...,...,...,...,...,...
,,,,,,,1,Nadelholz,...,...,...,...,...,...,...
,,,,,,,2,Laubholz,...,...,...,...,...,...,...
,,,17,St. Gallen,0,Eigentümertyp - Total,0,Holzartengruppe - Total,...,...,...,...,...,...,...
,,,,,,,1,Nadelholz,...,...,...,...,...,...,...
,,,,,,,2,Laubholz,...,...,...,...,...,...,...
,,,,,10,Öffentliche Wälder,0,Holzartengruppe - Total,...,...,...,...,...,...,...
,,,,,,,1,Nadelholz,...,...,...,...,...,...,...
,,,,,,,2,Laubholz,...,...,...,...,...,...,...
,,,,,23,Privatwälder,0,Holzartengruppe - Total,...,...,...,...,...,...,...
,,,,,,,1,Nadelholz,...,...,...,...,...,...,...
,,,,,,,2,Laubholz,...,...,...,...,...,...,...
,,,18,Graubünden / Grigioni / Grischun,0,Eigentümertyp - Total,0,Holzartengruppe - Total,65539,40292,242,25005,20756,4249,0
,,,,,,,1,Nadelholz,61924,39792,86,22046,19322,2724,0
,,,,,,,2,Laubholz,3615,500,156,2959,1434,1525,0
,,,,,10,Öffentliche Wälder,0,Holzartengruppe - Total,58381,36807,242,21332,18869,2463,0
,,,,,,,1,Nadelholz,56661,36307,86,20268,18192,2076,0
,,,,,,,2,Laubholz,1720,500,156,1064,677,387,0
,,,,,23,Privatwälder,0,Holzartengruppe - Total,7158,3485,0,3673,1887,1786,0
,,,,,,,1,Nadelholz,5263,3485,0,1778,1130,648,0
,,,,,,,2,Laubholz,1895,0,0,1895,757,1138,0
,,,19,Aargau,0,Eigentümertyp - Total,0,Holzartengruppe - Total,...,...,...,...,...,...,...
,,,,,,,1,Nadelholz,...,...,...,...,...,...,...
,,,,,,,2,Laubholz,...,...,...,...,...,...,...
,,,,,10,Öffentliche Wälder,0,Holzartengruppe - Total,...,...,...,...,...,...,...
,,,,,,,1,Nadelholz,...,...,...,...,...,...,...
,,,,,,,2,Laubholz,...,...,...,...,...,...,...
,,,,,23,Privatwälder,0,Holzartengruppe - Total,...,...,...,...,...,...,...
,,,,,,,1,Nadelholz,...,...,...,...,...,...,...
,,,,,,,2,Laubholz,...,...,...,...,...,...,...
,,,20,Thurgau,0,Eigentümertyp - Total,0,Holzartengruppe - Total,...,...,...,...,...,...,...
,,,,,,,1,Nadelholz,...,...,...,...,...,...,...
,,,,,,,2,Laubholz,...,...,...,...,...,...,...
,,,,,10,Öffentliche Wälder,0,Holzartengruppe - Total,...,...,...,...,...,...,...
,,,,,,,1,Nadelholz,...,...,...,...,...,...,...
,,,,,,,2,Laubholz,...,...,...,...,...,...,...
,,,,,23,Privatwälder,0,Holzartengruppe - Total,...,...,...,...,...,...,...
,,,,,,,1,Nadelholz,...,...,...,...,...,...,...
,,,,,,,2,Laubholz,...,...,...,...,...,...,...
,,,21,Ticino,0,Eigentümertyp - Total,0,Holzartengruppe - Total,92578,12507,2956,77115,70849,6266,0
,,,,,,,1,Nadelholz,30571,12253,2855,15463,13763,1700,0
,,,,,,,2,Laubholz,62007,254,101,61652,57086,4566,0
,,,,,10,Öffentliche Wälder,0,Holzartengruppe - Total,75811,12295,2956,60560,54294,6266,0
,,,,,,,1,Nadelholz,29581,12124,2855,14602,12902,1700,0
,,,,,,,2,Laubholz,46230,171,101,45958,41392,4566,0
,,,,,23,Privatwälder,0,Holzartengruppe - Total,16767,212,0,16555,16555,0,0
,,,,,,,1,Nadelholz,990,129,0,861,861,0,0
,,,,,,,2,Laubholz,15777,83,0,15694,15694,0,0
,,,22,Vaud,0,Eigentümertyp - Total,0,Holzartengruppe - Total,...,...,...,...,...,...,...
,,,,,,,1,Nadelholz,...,...,...,...,...,...,...
,,,,,,,2,Laubholz,...,...,...,...,...,...,...
,,,,,10,Öffentliche Wälder,0,Holzartengruppe - Total,...,...,...,...,...,...,...
,,,,,,,1,Nadelholz,...,...,...,...,...,...,...
,,,,,,,2,Laubholz,...,...,...,...,...,...,...
,,,,,23,Privatwälder,0,Holzartengruppe - Total,...,...,...,...,...,...,...
,,,,,,,1,Nadelholz,...,...,...,...,...,...,...
,,,,,,,2,Laubholz,...,...,...,...,...,...,...
,,,23,Valais / Wallis,0,Eigentümertyp - Total,0,Holzartengruppe - Total,...,...,...,...,...,...,...
,,,,,,,1,Nadelholz,...,...,...,...,...,...,...
,,,,,,,2,Laubholz,...,...,...,...,...,...,...
,,,,,10,Öffentliche Wälder,0,Holzartengruppe - Total,...,...,...,...,...,...,...
,,,,,,,1,Nadelholz,...,...,...,...,...,...,...
,,,,,,,2,Laubholz,...,...,...,...,...,...,...
,,,,,23,Privatwälder,0,Holzartengruppe - Total,...,...,...,...,...,...,...
,,,,,,,1,Nadelholz,...,...,...,...,...,...,...
,,,,,,,2,Laubholz,...,...,...,...,...,...,...
,,,24,Neuchâtel,0,Eigentümertyp - Total,0,Holzartengruppe - Total,...,...,...,...,...,...,...
,,,,,,,1,Nadelholz,...,...,...,...,...,...,...
,,,,,,,2,Laubholz,...,...,...,...,...,...,...
,,,,,10,Öffentliche Wälder,0,Holzartengruppe - Total,...,...,...,...,...,...,...
,,,,,,,1,Nadelholz,...,...,...,...,...,...,...
,,,,,,,2,Laubholz,...,...,...,...,...,...,...
,,,,,23,Privatwälder,0,Holzartengruppe - Total,...,...,...,...,...,...,...
,,,,,,,1,Nadelholz,...,...,...,...,...,...,...
,,,,,,,2,Laubholz,...,...,...,...,...,...,...
,,,25,Genève,0,Eigentümertyp - Total,0,Holzartengruppe - Total,...,...,...,...,...,...,...
,,,,,,,1,Nadelholz,...,...,...,...,...,...,...
,,,,,,,2,Laubholz,...,...,...,...,...,...,...
,,,,,10,Öffentliche Wälder,0,Holzartengruppe - Total,...,...,...,...,...,...,...
,,,,,,,1,Nadelholz,...,...,...,...,...,...,...
,,,,,,,2,Laubholz,...,...,...,...,...,...,...
,,,,,23,Privatwälder,0,Holzartengruppe - Total,...,...,...,...,...,...,...
,,,,,,,1,Nadelholz,...,...,...,...,...,...,...
,,,,,,,2,Laubholz,...,...,...,...,...,...,...
,,,26,Jura,0,Eigentümertyp - Total,0,Holzartengruppe - Total,...,...,...,...,...,...,...
,,,,,,,1,Nadelholz,...,...,...,...,...,...,...
,,,,,,,2,Laubholz,...,...,...,...,...,...,...
,,,,,10,Öffentliche Wälder,0,Holzartengruppe - Total,...,...,...,...,...,...,...
,,,,,,,1,Nadelholz,...,...,...,...,...,...,...
,,,,,,,2,Laubholz,...,...,...,...,...,...,...
,,,,,23,Privatwälder,0,Holzartengruppe - Total,...,...,...,...,...,...,...
,,,,,,,1,Nadelholz,...,...,...,...,...,...,...
,,,,,,,2,Laubholz,...,...,...,...,...,...,...